rank,entry,hops,total_cost,exploitability,path
1,serviceaccount::kube-system::helm-traefik,1,0,10.0,ServiceAccount kube-system/helm-traefik  --[HOLDS_ADMIN]-->  CLUSTER-ADMIN
2,serviceaccount::kube-system::helm-traefik-crd,1,0,10.0,ServiceAccount kube-system/helm-traefik-crd  --[HOLDS_ADMIN]-->  CLUSTER-ADMIN
3,pod::kube-system::helm-install-traefik-crd-slmdl,2,1,5.0,Pod kube-system/helm-install-traefik-crd-slmdl  --[TOKEN_MOUNT]-->  ServiceAccount kube-system/helm-traefik-crd  --[HOLDS_ADMIN]-->  CLUSTER-ADMIN
4,pod::kube-system::helm-install-traefik-tmvdw,2,1,5.0,Pod kube-system/helm-install-traefik-tmvdw  --[TOKEN_MOUNT]-->  ServiceAccount kube-system/helm-traefik  --[HOLDS_ADMIN]-->  CLUSTER-ADMIN
5,serviceaccount::kube-system::traefik,2,1,5.0,ServiceAccount kube-system/traefik  --[READ_SECRET]-->  ServiceAccount kube-system/helm-traefik  --[HOLDS_ADMIN]-->  CLUSTER-ADMIN
6,serviceaccount::kube-system::traefik,2,1,5.0,ServiceAccount kube-system/traefik  --[READ_SECRET]-->  ServiceAccount kube-system/helm-traefik-crd  --[HOLDS_ADMIN]-->  CLUSTER-ADMIN
7,serviceaccount::kube-system::local-path-provisioner-service-account,2,2,3.33,ServiceAccount kube-system/local-path-provisioner-service-account  --[CREATE_WORKLOAD]-->  ServiceAccount kube-system/helm-traefik  --[HOLDS_ADMIN]-->  CLUSTER-ADMIN
8,serviceaccount::kube-system::local-path-provisioner-service-account,2,2,3.33,ServiceAccount kube-system/local-path-provisioner-service-account  --[CREATE_WORKLOAD]-->  ServiceAccount kube-system/helm-traefik-crd  --[HOLDS_ADMIN]-->  CLUSTER-ADMIN
9,serviceaccount::kube-system::traefik,2,2,3.33,ServiceAccount kube-system/traefik  --[READ_SECRET]-->  ServiceAccount kube-system/clusterrole-aggregation-controller  --[ESCALATE_ROLE]-->  CLUSTER-ADMIN
10,user::k3s-cloud-controller-manager,2,2,3.33,User k3s-cloud-controller-manager  --[CREATE_WORKLOAD]-->  ServiceAccount kube-system/helm-traefik  --[HOLDS_ADMIN]-->  CLUSTER-ADMIN
11,user::k3s-cloud-controller-manager,2,2,3.33,User k3s-cloud-controller-manager  --[CREATE_WORKLOAD]-->  ServiceAccount kube-system/helm-traefik-crd  --[HOLDS_ADMIN]-->  CLUSTER-ADMIN
12,pod::kube-system::traefik-59b7647586-r2rdb,3,2,3.33,Pod kube-system/traefik-59b7647586-r2rdb  --[TOKEN_MOUNT]-->  ServiceAccount kube-system/traefik  --[READ_SECRET]-->  ServiceAccount kube-system/helm-traefik  --[HOLDS_ADMIN]-->  CLUSTER-ADMIN
13,pod::kube-system::traefik-59b7647586-r2rdb,3,2,3.33,Pod kube-system/traefik-59b7647586-r2rdb  --[TOKEN_MOUNT]-->  ServiceAccount kube-system/traefik  --[READ_SECRET]-->  ServiceAccount kube-system/helm-traefik-crd  --[HOLDS_ADMIN]-->  CLUSTER-ADMIN
14,serviceaccount::kube-system::traefik,3,2,3.33,ServiceAccount kube-system/traefik  --[READ_SECRET]-->  ServiceAccount kube-system/bootstrap-signer  --[READ_SECRET]-->  ServiceAccount kube-system/helm-traefik  --[HOLDS_ADMIN]-->  CLUSTER-ADMIN
15,serviceaccount::kube-system::traefik,3,2,3.33,ServiceAccount kube-system/traefik  --[READ_SECRET]-->  ServiceAccount kube-system/bootstrap-signer  --[READ_SECRET]-->  ServiceAccount kube-system/helm-traefik-crd  --[HOLDS_ADMIN]-->  CLUSTER-ADMIN
16,serviceaccount::kube-system::traefik,3,2,3.33,ServiceAccount kube-system/traefik  --[READ_SECRET]-->  ServiceAccount kube-system/generic-garbage-collector  --[READ_SECRET]-->  ServiceAccount kube-system/helm-traefik  --[HOLDS_ADMIN]-->  CLUSTER-ADMIN
17,serviceaccount::kube-system::traefik,3,2,3.33,ServiceAccount kube-system/traefik  --[READ_SECRET]-->  ServiceAccount kube-system/generic-garbage-collector  --[READ_SECRET]-->  ServiceAccount kube-system/helm-traefik-crd  --[HOLDS_ADMIN]-->  CLUSTER-ADMIN
18,serviceaccount::kube-system::traefik,3,2,3.33,ServiceAccount kube-system/traefik  --[READ_SECRET]-->  ServiceAccount kube-system/namespace-controller  --[READ_SECRET]-->  ServiceAccount kube-system/helm-traefik  --[HOLDS_ADMIN]-->  CLUSTER-ADMIN
19,serviceaccount::kube-system::traefik,3,2,3.33,ServiceAccount kube-system/traefik  --[READ_SECRET]-->  ServiceAccount kube-system/namespace-controller  --[READ_SECRET]-->  ServiceAccount kube-system/helm-traefik-crd  --[HOLDS_ADMIN]-->  CLUSTER-ADMIN
20,serviceaccount::kube-system::traefik,3,2,3.33,ServiceAccount kube-system/traefik  --[READ_SECRET]-->  ServiceAccount kube-system/resourcequota-controller  --[READ_SECRET]-->  ServiceAccount kube-system/helm-traefik  --[HOLDS_ADMIN]-->  CLUSTER-ADMIN
21,serviceaccount::kube-system::traefik,3,2,3.33,ServiceAccount kube-system/traefik  --[READ_SECRET]-->  ServiceAccount kube-system/resourcequota-controller  --[READ_SECRET]-->  ServiceAccount kube-system/helm-traefik-crd  --[HOLDS_ADMIN]-->  CLUSTER-ADMIN
22,serviceaccount::kube-system::traefik,3,2,3.33,ServiceAccount kube-system/traefik  --[READ_SECRET]-->  ServiceAccount kube-system/token-cleaner  --[READ_SECRET]-->  ServiceAccount kube-system/helm-traefik  --[HOLDS_ADMIN]-->  CLUSTER-ADMIN
23,serviceaccount::kube-system::traefik,3,2,3.33,ServiceAccount kube-system/traefik  --[READ_SECRET]-->  ServiceAccount kube-system/token-cleaner  --[READ_SECRET]-->  ServiceAccount kube-system/helm-traefik-crd  --[HOLDS_ADMIN]-->  CLUSTER-ADMIN
24,serviceaccount::kube-system::local-path-provisioner-service-account,1,3,2.5,ServiceAccount kube-system/local-path-provisioner-service-account  --[CREATE_PRIVILEGED_POD]-->  CLUSTER-ADMIN
25,user::k3s-cloud-controller-manager,1,3,2.5,User k3s-cloud-controller-manager  --[CREATE_PRIVILEGED_POD]-->  CLUSTER-ADMIN
26,serviceaccount::kube-system::local-path-provisioner-service-account,2,3,2.5,ServiceAccount kube-system/local-path-provisioner-service-account  --[CREATE_WORKLOAD]-->  ServiceAccount kube-system/clusterrole-aggregation-controller  --[ESCALATE_ROLE]-->  CLUSTER-ADMIN
27,user::k3s-cloud-controller-manager,2,3,2.5,User k3s-cloud-controller-manager  --[CREATE_WORKLOAD]-->  ServiceAccount kube-system/clusterrole-aggregation-controller  --[ESCALATE_ROLE]-->  CLUSTER-ADMIN
28,pod::kube-system::local-path-provisioner-77b9867795-z84s4,3,3,2.5,Pod kube-system/local-path-provisioner-77b9867795-z84s4  --[TOKEN_MOUNT]-->  ServiceAccount kube-system/local-path-provisioner-service-account  --[CREATE_WORKLOAD]-->  ServiceAccount kube-system/helm-traefik  --[HOLDS_ADMIN]-->  CLUSTER-ADMIN
29,pod::kube-system::local-path-provisioner-77b9867795-z84s4,3,3,2.5,Pod kube-system/local-path-provisioner-77b9867795-z84s4  --[TOKEN_MOUNT]-->  ServiceAccount kube-system/local-path-provisioner-service-account  --[CREATE_WORKLOAD]-->  ServiceAccount kube-system/helm-traefik-crd  --[HOLDS_ADMIN]-->  CLUSTER-ADMIN
30,pod::kube-system::traefik-59b7647586-r2rdb,3,3,2.5,Pod kube-system/traefik-59b7647586-r2rdb  --[TOKEN_MOUNT]-->  ServiceAccount kube-system/traefik  --[READ_SECRET]-->  ServiceAccount kube-system/clusterrole-aggregation-controller  --[ESCALATE_ROLE]-->  CLUSTER-ADMIN
31,serviceaccount::kube-system::local-path-provisioner-service-account,3,3,2.5,ServiceAccount kube-system/local-path-provisioner-service-account  --[CREATE_WORKLOAD]-->  ServiceAccount kube-system/bootstrap-signer  --[READ_SECRET]-->  ServiceAccount kube-system/helm-traefik  --[HOLDS_ADMIN]-->  CLUSTER-ADMIN
32,serviceaccount::kube-system::local-path-provisioner-service-account,3,3,2.5,ServiceAccount kube-system/local-path-provisioner-service-account  --[CREATE_WORKLOAD]-->  ServiceAccount kube-system/bootstrap-signer  --[READ_SECRET]-->  ServiceAccount kube-system/helm-traefik-crd  --[HOLDS_ADMIN]-->  CLUSTER-ADMIN
33,serviceaccount::kube-system::local-path-provisioner-service-account,3,3,2.5,ServiceAccount kube-system/local-path-provisioner-service-account  --[CREATE_WORKLOAD]-->  ServiceAccount kube-system/generic-garbage-collector  --[READ_SECRET]-->  ServiceAccount kube-system/helm-traefik  --[HOLDS_ADMIN]-->  CLUSTER-ADMIN
34,serviceaccount::kube-system::local-path-provisioner-service-account,3,3,2.5,ServiceAccount kube-system/local-path-provisioner-service-account  --[CREATE_WORKLOAD]-->  ServiceAccount kube-system/generic-garbage-collector  --[READ_SECRET]-->  ServiceAccount kube-system/helm-traefik-crd  --[HOLDS_ADMIN]-->  CLUSTER-ADMIN
35,serviceaccount::kube-system::local-path-provisioner-service-account,3,3,2.5,ServiceAccount kube-system/local-path-provisioner-service-account  --[CREATE_WORKLOAD]-->  ServiceAccount kube-system/namespace-controller  --[READ_SECRET]-->  ServiceAccount kube-system/helm-traefik  --[HOLDS_ADMIN]-->  CLUSTER-ADMIN
36,serviceaccount::kube-system::local-path-provisioner-service-account,3,3,2.5,ServiceAccount kube-system/local-path-provisioner-service-account  --[CREATE_WORKLOAD]-->  ServiceAccount kube-system/namespace-controller  --[READ_SECRET]-->  ServiceAccount kube-system/helm-traefik-crd  --[HOLDS_ADMIN]-->  CLUSTER-ADMIN
37,serviceaccount::kube-system::local-path-provisioner-service-account,3,3,2.5,ServiceAccount kube-system/local-path-provisioner-service-account  --[CREATE_WORKLOAD]-->  ServiceAccount kube-system/resourcequota-controller  --[READ_SECRET]-->  ServiceAccount kube-system/helm-traefik  --[HOLDS_ADMIN]-->  CLUSTER-ADMIN
38,serviceaccount::kube-system::local-path-provisioner-service-account,3,3,2.5,ServiceAccount kube-system/local-path-provisioner-service-account  --[CREATE_WORKLOAD]-->  ServiceAccount kube-system/resourcequota-controller  --[READ_SECRET]-->  ServiceAccount kube-system/helm-traefik-crd  --[HOLDS_ADMIN]-->  CLUSTER-ADMIN
39,serviceaccount::kube-system::local-path-provisioner-service-account,3,3,2.5,ServiceAccount kube-system/local-path-provisioner-service-account  --[CREATE_WORKLOAD]-->  ServiceAccount kube-system/token-cleaner  --[READ_SECRET]-->  ServiceAccount kube-system/helm-traefik  --[HOLDS_ADMIN]-->  CLUSTER-ADMIN
40,serviceaccount::kube-system::local-path-provisioner-service-account,3,3,2.5,ServiceAccount kube-system/local-path-provisioner-service-account  --[CREATE_WORKLOAD]-->  ServiceAccount kube-system/token-cleaner  --[READ_SECRET]-->  ServiceAccount kube-system/helm-traefik-crd  --[HOLDS_ADMIN]-->  CLUSTER-ADMIN
41,serviceaccount::kube-system::local-path-provisioner-service-account,3,3,2.5,ServiceAccount kube-system/local-path-provisioner-service-account  --[CREATE_WORKLOAD]-->  ServiceAccount kube-system/traefik  --[READ_SECRET]-->  ServiceAccount kube-system/helm-traefik  --[HOLDS_ADMIN]-->  CLUSTER-ADMIN
42,serviceaccount::kube-system::local-path-provisioner-service-account,3,3,2.5,ServiceAccount kube-system/local-path-provisioner-service-account  --[CREATE_WORKLOAD]-->  ServiceAccount kube-system/traefik  --[READ_SECRET]-->  ServiceAccount kube-system/helm-traefik-crd  --[HOLDS_ADMIN]-->  CLUSTER-ADMIN
43,serviceaccount::kube-system::traefik,3,3,2.5,ServiceAccount kube-system/traefik  --[READ_SECRET]-->  ServiceAccount kube-system/bootstrap-signer  --[READ_SECRET]-->  ServiceAccount kube-system/clusterrole-aggregation-controller  --[ESCALATE_ROLE]-->  CLUSTER-ADMIN
44,serviceaccount::kube-system::traefik,3,3,2.5,ServiceAccount kube-system/traefik  --[READ_SECRET]-->  ServiceAccount kube-system/cronjob-controller  --[CREATE_WORKLOAD]-->  ServiceAccount kube-system/helm-traefik  --[HOLDS_ADMIN]-->  CLUSTER-ADMIN
45,serviceaccount::kube-system::traefik,3,3,2.5,ServiceAccount kube-system/traefik  --[READ_SECRET]-->  ServiceAccount kube-system/cronjob-controller  --[CREATE_WORKLOAD]-->  ServiceAccount kube-system/helm-traefik-crd  --[HOLDS_ADMIN]-->  CLUSTER-ADMIN
46,serviceaccount::kube-system::traefik,3,3,2.5,ServiceAccount kube-system/traefik  --[READ_SECRET]-->  ServiceAccount kube-system/daemon-set-controller  --[CREATE_WORKLOAD]-->  ServiceAccount kube-system/helm-traefik  --[HOLDS_ADMIN]-->  CLUSTER-ADMIN
47,serviceaccount::kube-system::traefik,3,3,2.5,ServiceAccount kube-system/traefik  --[READ_SECRET]-->  ServiceAccount kube-system/daemon-set-controller  --[CREATE_WORKLOAD]-->  ServiceAccount kube-system/helm-traefik-crd  --[HOLDS_ADMIN]-->  CLUSTER-ADMIN
48,serviceaccount::kube-system::traefik,3,3,2.5,ServiceAccount kube-system/traefik  --[READ_SECRET]-->  ServiceAccount kube-system/deployment-controller  --[CREATE_WORKLOAD]-->  ServiceAccount kube-system/helm-traefik  --[HOLDS_ADMIN]-->  CLUSTER-ADMIN
49,serviceaccount::kube-system::traefik,3,3,2.5,ServiceAccount kube-system/traefik  --[READ_SECRET]-->  ServiceAccount kube-system/deployment-controller  --[CREATE_WORKLOAD]-->  ServiceAccount kube-system/helm-traefik-crd  --[HOLDS_ADMIN]-->  CLUSTER-ADMIN
50,serviceaccount::kube-system::traefik,3,3,2.5,ServiceAccount kube-system/traefik  --[READ_SECRET]-->  ServiceAccount kube-system/generic-garbage-collector  --[READ_SECRET]-->  ServiceAccount kube-system/clusterrole-aggregation-controller  --[ESCALATE_ROLE]-->  CLUSTER-ADMIN
51,serviceaccount::kube-system::traefik,3,3,2.5,ServiceAccount kube-system/traefik  --[READ_SECRET]-->  ServiceAccount kube-system/job-controller  --[CREATE_WORKLOAD]-->  ServiceAccount kube-system/helm-traefik  --[HOLDS_ADMIN]-->  CLUSTER-ADMIN
52,serviceaccount::kube-system::traefik,3,3,2.5,ServiceAccount kube-system/traefik  --[READ_SECRET]-->  ServiceAccount kube-system/job-controller  --[CREATE_WORKLOAD]-->  ServiceAccount kube-system/helm-traefik-crd  --[HOLDS_ADMIN]-->  CLUSTER-ADMIN
53,serviceaccount::kube-system::traefik,3,3,2.5,ServiceAccount kube-system/traefik  --[READ_SECRET]-->  ServiceAccount kube-system/local-path-provisioner-service-account  --[CREATE_WORKLOAD]-->  ServiceAccount kube-system/helm-traefik  --[HOLDS_ADMIN]-->  CLUSTER-ADMIN
54,serviceaccount::kube-system::traefik,3,3,2.5,ServiceAccount kube-system/traefik  --[READ_SECRET]-->  ServiceAccount kube-system/local-path-provisioner-service-account  --[CREATE_WORKLOAD]-->  ServiceAccount kube-system/helm-traefik-crd  --[HOLDS_ADMIN]-->  CLUSTER-ADMIN
55,serviceaccount::kube-system::traefik,3,3,2.5,ServiceAccount kube-system/traefik  --[READ_SECRET]-->  ServiceAccount kube-system/namespace-controller  --[READ_SECRET]-->  ServiceAccount kube-system/clusterrole-aggregation-controller  --[ESCALATE_ROLE]-->  CLUSTER-ADMIN
56,serviceaccount::kube-system::traefik,3,3,2.5,ServiceAccount kube-system/traefik  --[READ_SECRET]-->  ServiceAccount kube-system/persistent-volume-binder  --[CREATE_WORKLOAD]-->  ServiceAccount kube-system/helm-traefik  --[HOLDS_ADMIN]-->  CLUSTER-ADMIN
57,serviceaccount::kube-system::traefik,3,3,2.5,ServiceAccount kube-system/traefik  --[READ_SECRET]-->  ServiceAccount kube-system/persistent-volume-binder  --[CREATE_WORKLOAD]-->  ServiceAccount kube-system/helm-traefik-crd  --[HOLDS_ADMIN]-->  CLUSTER-ADMIN
58,serviceaccount::kube-system::traefik,3,3,2.5,ServiceAccount kube-system/traefik  --[READ_SECRET]-->  ServiceAccount kube-system/replicaset-controller  --[CREATE_WORKLOAD]-->  ServiceAccount kube-system/helm-traefik  --[HOLDS_ADMIN]-->  CLUSTER-ADMIN
59,serviceaccount::kube-system::traefik,3,3,2.5,ServiceAccount kube-system/traefik  --[READ_SECRET]-->  ServiceAccount kube-system/replicaset-controller  --[CREATE_WORKLOAD]-->  ServiceAccount kube-system/helm-traefik-crd  --[HOLDS_ADMIN]-->  CLUSTER-ADMIN
60,serviceaccount::kube-system::traefik,3,3,2.5,ServiceAccount kube-system/traefik  --[READ_SECRET]-->  ServiceAccount kube-system/replication-controller  --[CREATE_WORKLOAD]-->  ServiceAccount kube-system/helm-traefik  --[HOLDS_ADMIN]-->  CLUSTER-ADMIN
61,serviceaccount::kube-system::traefik,3,3,2.5,ServiceAccount kube-system/traefik  --[READ_SECRET]-->  ServiceAccount kube-system/replication-controller  --[CREATE_WORKLOAD]-->  ServiceAccount kube-system/helm-traefik-crd  --[HOLDS_ADMIN]-->  CLUSTER-ADMIN
62,serviceaccount::kube-system::traefik,3,3,2.5,ServiceAccount kube-system/traefik  --[READ_SECRET]-->  ServiceAccount kube-system/resourcequota-controller  --[READ_SECRET]-->  ServiceAccount kube-system/clusterrole-aggregation-controller  --[ESCALATE_ROLE]-->  CLUSTER-ADMIN
63,serviceaccount::kube-system::traefik,3,3,2.5,ServiceAccount kube-system/traefik  --[READ_SECRET]-->  ServiceAccount kube-system/statefulset-controller  --[CREATE_WORKLOAD]-->  ServiceAccount kube-system/helm-traefik  --[HOLDS_ADMIN]-->  CLUSTER-ADMIN
64,serviceaccount::kube-system::traefik,3,3,2.5,ServiceAccount kube-system/traefik  --[READ_SECRET]-->  ServiceAccount kube-system/statefulset-controller  --[CREATE_WORKLOAD]-->  ServiceAccount kube-system/helm-traefik-crd  --[HOLDS_ADMIN]-->  CLUSTER-ADMIN
65,serviceaccount::kube-system::traefik,3,3,2.5,ServiceAccount kube-system/traefik  --[READ_SECRET]-->  ServiceAccount kube-system/token-cleaner  --[READ_SECRET]-->  ServiceAccount kube-system/clusterrole-aggregation-controller  --[ESCALATE_ROLE]-->  CLUSTER-ADMIN
66,user::k3s-cloud-controller-manager,3,3,2.5,User k3s-cloud-controller-manager  --[CREATE_WORKLOAD]-->  ServiceAccount kube-system/bootstrap-signer  --[READ_SECRET]-->  ServiceAccount kube-system/helm-traefik  --[HOLDS_ADMIN]-->  CLUSTER-ADMIN
67,user::k3s-cloud-controller-manager,3,3,2.5,User k3s-cloud-controller-manager  --[CREATE_WORKLOAD]-->  ServiceAccount kube-system/bootstrap-signer  --[READ_SECRET]-->  ServiceAccount kube-system/helm-traefik-crd  --[HOLDS_ADMIN]-->  CLUSTER-ADMIN
68,user::k3s-cloud-controller-manager,3,3,2.5,User k3s-cloud-controller-manager  --[CREATE_WORKLOAD]-->  ServiceAccount kube-system/generic-garbage-collector  --[READ_SECRET]-->  ServiceAccount kube-system/helm-traefik  --[HOLDS_ADMIN]-->  CLUSTER-ADMIN
69,user::k3s-cloud-controller-manager,3,3,2.5,User k3s-cloud-controller-manager  --[CREATE_WORKLOAD]-->  ServiceAccount kube-system/generic-garbage-collector  --[READ_SECRET]-->  ServiceAccount kube-system/helm-traefik-crd  --[HOLDS_ADMIN]-->  CLUSTER-ADMIN
70,user::k3s-cloud-controller-manager,3,3,2.5,User k3s-cloud-controller-manager  --[CREATE_WORKLOAD]-->  ServiceAccount kube-system/namespace-controller  --[READ_SECRET]-->  ServiceAccount kube-system/helm-traefik  --[HOLDS_ADMIN]-->  CLUSTER-ADMIN
71,user::k3s-cloud-controller-manager,3,3,2.5,User k3s-cloud-controller-manager  --[CREATE_WORKLOAD]-->  ServiceAccount kube-system/namespace-controller  --[READ_SECRET]-->  ServiceAccount kube-system/helm-traefik-crd  --[HOLDS_ADMIN]-->  CLUSTER-ADMIN
72,user::k3s-cloud-controller-manager,3,3,2.5,User k3s-cloud-controller-manager  --[CREATE_WORKLOAD]-->  ServiceAccount kube-system/resourcequota-controller  --[READ_SECRET]-->  ServiceAccount kube-system/helm-traefik  --[HOLDS_ADMIN]-->  CLUSTER-ADMIN
73,user::k3s-cloud-controller-manager,3,3,2.5,User k3s-cloud-controller-manager  --[CREATE_WORKLOAD]-->  ServiceAccount kube-system/resourcequota-controller  --[READ_SECRET]-->  ServiceAccount kube-system/helm-traefik-crd  --[HOLDS_ADMIN]-->  CLUSTER-ADMIN
74,user::k3s-cloud-controller-manager,3,3,2.5,User k3s-cloud-controller-manager  --[CREATE_WORKLOAD]-->  ServiceAccount kube-system/token-cleaner  --[READ_SECRET]-->  ServiceAccount kube-system/helm-traefik  --[HOLDS_ADMIN]-->  CLUSTER-ADMIN
75,user::k3s-cloud-controller-manager,3,3,2.5,User k3s-cloud-controller-manager  --[CREATE_WORKLOAD]-->  ServiceAccount kube-system/token-cleaner  --[READ_SECRET]-->  ServiceAccount kube-system/helm-traefik-crd  --[HOLDS_ADMIN]-->  CLUSTER-ADMIN
76,user::k3s-cloud-controller-manager,3,3,2.5,User k3s-cloud-controller-manager  --[CREATE_WORKLOAD]-->  ServiceAccount kube-system/traefik  --[READ_SECRET]-->  ServiceAccount kube-system/helm-traefik  --[HOLDS_ADMIN]-->  CLUSTER-ADMIN
77,user::k3s-cloud-controller-manager,3,3,2.5,User k3s-cloud-controller-manager  --[CREATE_WORKLOAD]-->  ServiceAccount kube-system/traefik  --[READ_SECRET]-->  ServiceAccount kube-system/helm-traefik-crd  --[HOLDS_ADMIN]-->  CLUSTER-ADMIN
78,pod::kube-system::traefik-59b7647586-r2rdb,4,3,2.5,Pod kube-system/traefik-59b7647586-r2rdb  --[TOKEN_MOUNT]-->  ServiceAccount kube-system/traefik  --[READ_SECRET]-->  ServiceAccount kube-system/bootstrap-signer  --[READ_SECRET]-->  ServiceAccount kube-system/helm-traefik  --[HOLDS_ADMIN]-->  CLUSTER-ADMIN
79,pod::kube-system::traefik-59b7647586-r2rdb,4,3,2.5,Pod kube-system/traefik-59b7647586-r2rdb  --[TOKEN_MOUNT]-->  ServiceAccount kube-system/traefik  --[READ_SECRET]-->  ServiceAccount kube-system/bootstrap-signer  --[READ_SECRET]-->  ServiceAccount kube-system/helm-traefik-crd  --[HOLDS_ADMIN]-->  CLUSTER-ADMIN
80,pod::kube-system::traefik-59b7647586-r2rdb,4,3,2.5,Pod kube-system/traefik-59b7647586-r2rdb  --[TOKEN_MOUNT]-->  ServiceAccount kube-system/traefik  --[READ_SECRET]-->  ServiceAccount kube-system/generic-garbage-collector  --[READ_SECRET]-->  ServiceAccount kube-system/helm-traefik  --[HOLDS_ADMIN]-->  CLUSTER-ADMIN
81,pod::kube-system::traefik-59b7647586-r2rdb,4,3,2.5,Pod kube-system/traefik-59b7647586-r2rdb  --[TOKEN_MOUNT]-->  ServiceAccount kube-system/traefik  --[READ_SECRET]-->  ServiceAccount kube-system/generic-garbage-collector  --[READ_SECRET]-->  ServiceAccount kube-system/helm-traefik-crd  --[HOLDS_ADMIN]-->  CLUSTER-ADMIN
82,pod::kube-system::traefik-59b7647586-r2rdb,4,3,2.5,Pod kube-system/traefik-59b7647586-r2rdb  --[TOKEN_MOUNT]-->  ServiceAccount kube-system/traefik  --[READ_SECRET]-->  ServiceAccount kube-system/namespace-controller  --[READ_SECRET]-->  ServiceAccount kube-system/helm-traefik  --[HOLDS_ADMIN]-->  CLUSTER-ADMIN
83,pod::kube-system::traefik-59b7647586-r2rdb,4,3,2.5,Pod kube-system/traefik-59b7647586-r2rdb  --[TOKEN_MOUNT]-->  ServiceAccount kube-system/traefik  --[READ_SECRET]-->  ServiceAccount kube-system/namespace-controller  --[READ_SECRET]-->  ServiceAccount kube-system/helm-traefik-crd  --[HOLDS_ADMIN]-->  CLUSTER-ADMIN
84,pod::kube-system::traefik-59b7647586-r2rdb,4,3,2.5,Pod kube-system/traefik-59b7647586-r2rdb  --[TOKEN_MOUNT]-->  ServiceAccount kube-system/traefik  --[READ_SECRET]-->  ServiceAccount kube-system/resourcequota-controller  --[READ_SECRET]-->  ServiceAccount kube-system/helm-traefik  --[HOLDS_ADMIN]-->  CLUSTER-ADMIN
85,pod::kube-system::traefik-59b7647586-r2rdb,4,3,2.5,Pod kube-system/traefik-59b7647586-r2rdb  --[TOKEN_MOUNT]-->  ServiceAccount kube-system/traefik  --[READ_SECRET]-->  ServiceAccount kube-system/resourcequota-controller  --[READ_SECRET]-->  ServiceAccount kube-system/helm-traefik-crd  --[HOLDS_ADMIN]-->  CLUSTER-ADMIN
86,pod::kube-system::traefik-59b7647586-r2rdb,4,3,2.5,Pod kube-system/traefik-59b7647586-r2rdb  --[TOKEN_MOUNT]-->  ServiceAccount kube-system/traefik  --[READ_SECRET]-->  ServiceAccount kube-system/token-cleaner  --[READ_SECRET]-->  ServiceAccount kube-system/helm-traefik  --[HOLDS_ADMIN]-->  CLUSTER-ADMIN
87,pod::kube-system::traefik-59b7647586-r2rdb,4,3,2.5,Pod kube-system/traefik-59b7647586-r2rdb  --[TOKEN_MOUNT]-->  ServiceAccount kube-system/traefik  --[READ_SECRET]-->  ServiceAccount kube-system/token-cleaner  --[READ_SECRET]-->  ServiceAccount kube-system/helm-traefik-crd  --[HOLDS_ADMIN]-->  CLUSTER-ADMIN
88,serviceaccount::kube-system::traefik,4,3,2.5,ServiceAccount kube-system/traefik  --[READ_SECRET]-->  ServiceAccount kube-system/bootstrap-signer  --[READ_SECRET]-->  ServiceAccount kube-system/generic-garbage-collector  --[READ_SECRET]-->  ServiceAccount kube-system/helm-traefik  --[HOLDS_ADMIN]-->  CLUSTER-ADMIN
89,serviceaccount::kube-system::traefik,4,3,2.5,ServiceAccount kube-system/traefik  --[READ_SECRET]-->  ServiceAccount kube-system/bootstrap-signer  --[READ_SECRET]-->  ServiceAccount kube-system/generic-garbage-collector  --[READ_SECRET]-->  ServiceAccount kube-system/helm-traefik-crd  --[HOLDS_ADMIN]-->  CLUSTER-ADMIN
90,serviceaccount::kube-system::traefik,4,3,2.5,ServiceAccount kube-system/traefik  --[READ_SECRET]-->  ServiceAccount kube-system/bootstrap-signer  --[READ_SECRET]-->  ServiceAccount kube-system/namespace-controller  --[READ_SECRET]-->  ServiceAccount kube-system/helm-traefik  --[HOLDS_ADMIN]-->  CLUSTER-ADMIN
91,serviceaccount::kube-system::traefik,4,3,2.5,ServiceAccount kube-system/traefik  --[READ_SECRET]-->  ServiceAccount kube-system/bootstrap-signer  --[READ_SECRET]-->  ServiceAccount kube-system/namespace-controller  --[READ_SECRET]-->  ServiceAccount kube-system/helm-traefik-crd  --[HOLDS_ADMIN]-->  CLUSTER-ADMIN
92,serviceaccount::kube-system::traefik,4,3,2.5,ServiceAccount kube-system/traefik  --[READ_SECRET]-->  ServiceAccount kube-system/bootstrap-signer  --[READ_SECRET]-->  ServiceAccount kube-system/resourcequota-controller  --[READ_SECRET]-->  ServiceAccount kube-system/helm-traefik  --[HOLDS_ADMIN]-->  CLUSTER-ADMIN
93,serviceaccount::kube-system::traefik,4,3,2.5,ServiceAccount kube-system/traefik  --[READ_SECRET]-->  ServiceAccount kube-system/bootstrap-signer  --[READ_SECRET]-->  ServiceAccount kube-system/resourcequota-controller  --[READ_SECRET]-->  ServiceAccount kube-system/helm-traefik-crd  --[HOLDS_ADMIN]-->  CLUSTER-ADMIN
94,serviceaccount::kube-system::traefik,4,3,2.5,ServiceAccount kube-system/traefik  --[READ_SECRET]-->  ServiceAccount kube-system/bootstrap-signer  --[READ_SECRET]-->  ServiceAccount kube-system/token-cleaner  --[READ_SECRET]-->  ServiceAccount kube-system/helm-traefik  --[HOLDS_ADMIN]-->  CLUSTER-ADMIN
95,serviceaccount::kube-system::traefik,4,3,2.5,ServiceAccount kube-system/traefik  --[READ_SECRET]-->  ServiceAccount kube-system/bootstrap-signer  --[READ_SECRET]-->  ServiceAccount kube-system/token-cleaner  --[READ_SECRET]-->  ServiceAccount kube-system/helm-traefik-crd  --[HOLDS_ADMIN]-->  CLUSTER-ADMIN
96,serviceaccount::kube-system::traefik,4,3,2.5,ServiceAccount kube-system/traefik  --[READ_SECRET]-->  ServiceAccount kube-system/generic-garbage-collector  --[READ_SECRET]-->  ServiceAccount kube-system/bootstrap-signer  --[READ_SECRET]-->  ServiceAccount kube-system/helm-traefik  --[HOLDS_ADMIN]-->  CLUSTER-ADMIN
97,serviceaccount::kube-system::traefik,4,3,2.5,ServiceAccount kube-system/traefik  --[READ_SECRET]-->  ServiceAccount kube-system/generic-garbage-collector  --[READ_SECRET]-->  ServiceAccount kube-system/bootstrap-signer  --[READ_SECRET]-->  ServiceAccount kube-system/helm-traefik-crd  --[HOLDS_ADMIN]-->  CLUSTER-ADMIN
98,serviceaccount::kube-system::traefik,4,3,2.5,ServiceAccount kube-system/traefik  --[READ_SECRET]-->  ServiceAccount kube-system/generic-garbage-collector  --[READ_SECRET]-->  ServiceAccount kube-system/namespace-controller  --[READ_SECRET]-->  ServiceAccount kube-system/helm-traefik  --[HOLDS_ADMIN]-->  CLUSTER-ADMIN
99,serviceaccount::kube-system::traefik,4,3,2.5,ServiceAccount kube-system/traefik  --[READ_SECRET]-->  ServiceAccount kube-system/generic-garbage-collector  --[READ_SECRET]-->  ServiceAccount kube-system/namespace-controller  --[READ_SECRET]-->  ServiceAccount kube-system/helm-traefik-crd  --[HOLDS_ADMIN]-->  CLUSTER-ADMIN
100,serviceaccount::kube-system::traefik,4,3,2.5,ServiceAccount kube-system/traefik  --[READ_SECRET]-->  ServiceAccount kube-system/generic-garbage-collector  --[READ_SECRET]-->  ServiceAccount kube-system/resourcequota-controller  --[READ_SECRET]-->  ServiceAccount kube-system/helm-traefik  --[HOLDS_ADMIN]-->  CLUSTER-ADMIN
101,serviceaccount::kube-system::traefik,4,3,2.5,ServiceAccount kube-system/traefik  --[READ_SECRET]-->  ServiceAccount kube-system/generic-garbage-collector  --[READ_SECRET]-->  ServiceAccount kube-system/resourcequota-controller  --[READ_SECRET]-->  ServiceAccount kube-system/helm-traefik-crd  --[HOLDS_ADMIN]-->  CLUSTER-ADMIN
102,serviceaccount::kube-system::traefik,4,3,2.5,ServiceAccount kube-system/traefik  --[READ_SECRET]-->  ServiceAccount kube-system/generic-garbage-collector  --[READ_SECRET]-->  ServiceAccount kube-system/token-cleaner  --[READ_SECRET]-->  ServiceAccount kube-system/helm-traefik  --[HOLDS_ADMIN]-->  CLUSTER-ADMIN
103,serviceaccount::kube-system::traefik,4,3,2.5,ServiceAccount kube-system/traefik  --[READ_SECRET]-->  ServiceAccount kube-system/generic-garbage-collector  --[READ_SECRET]-->  ServiceAccount kube-system/token-cleaner  --[READ_SECRET]-->  ServiceAccount kube-system/helm-traefik-crd  --[HOLDS_ADMIN]-->  CLUSTER-ADMIN
104,serviceaccount::kube-system::traefik,4,3,2.5,ServiceAccount kube-system/traefik  --[READ_SECRET]-->  ServiceAccount kube-system/namespace-controller  --[READ_SECRET]-->  ServiceAccount kube-system/bootstrap-signer  --[READ_SECRET]-->  ServiceAccount kube-system/helm-traefik  --[HOLDS_ADMIN]-->  CLUSTER-ADMIN
105,serviceaccount::kube-system::traefik,4,3,2.5,ServiceAccount kube-system/traefik  --[READ_SECRET]-->  ServiceAccount kube-system/namespace-controller  --[READ_SECRET]-->  ServiceAccount kube-system/bootstrap-signer  --[READ_SECRET]-->  ServiceAccount kube-system/helm-traefik-crd  --[HOLDS_ADMIN]-->  CLUSTER-ADMIN
106,serviceaccount::kube-system::traefik,4,3,2.5,ServiceAccount kube-system/traefik  --[READ_SECRET]-->  ServiceAccount kube-system/namespace-controller  --[READ_SECRET]-->  ServiceAccount kube-system/generic-garbage-collector  --[READ_SECRET]-->  ServiceAccount kube-system/helm-traefik  --[HOLDS_ADMIN]-->  CLUSTER-ADMIN
107,serviceaccount::kube-system::traefik,4,3,2.5,ServiceAccount kube-system/traefik  --[READ_SECRET]-->  ServiceAccount kube-system/namespace-controller  --[READ_SECRET]-->  ServiceAccount kube-system/generic-garbage-collector  --[READ_SECRET]-->  ServiceAccount kube-system/helm-traefik-crd  --[HOLDS_ADMIN]-->  CLUSTER-ADMIN
108,serviceaccount::kube-system::traefik,4,3,2.5,ServiceAccount kube-system/traefik  --[READ_SECRET]-->  ServiceAccount kube-system/namespace-controller  --[READ_SECRET]-->  ServiceAccount kube-system/resourcequota-controller  --[READ_SECRET]-->  ServiceAccount kube-system/helm-traefik  --[HOLDS_ADMIN]-->  CLUSTER-ADMIN
109,serviceaccount::kube-system::traefik,4,3,2.5,ServiceAccount kube-system/traefik  --[READ_SECRET]-->  ServiceAccount kube-system/namespace-controller  --[READ_SECRET]-->  ServiceAccount kube-system/resourcequota-controller  --[READ_SECRET]-->  ServiceAccount kube-system/helm-traefik-crd  --[HOLDS_ADMIN]-->  CLUSTER-ADMIN
110,serviceaccount::kube-system::traefik,4,3,2.5,ServiceAccount kube-system/traefik  --[READ_SECRET]-->  ServiceAccount kube-system/namespace-controller  --[READ_SECRET]-->  ServiceAccount kube-system/token-cleaner  --[READ_SECRET]-->  ServiceAccount kube-system/helm-traefik  --[HOLDS_ADMIN]-->  CLUSTER-ADMIN
111,serviceaccount::kube-system::traefik,4,3,2.5,ServiceAccount kube-system/traefik  --[READ_SECRET]-->  ServiceAccount kube-system/namespace-controller  --[READ_SECRET]-->  ServiceAccount kube-system/token-cleaner  --[READ_SECRET]-->  ServiceAccount kube-system/helm-traefik-crd  --[HOLDS_ADMIN]-->  CLUSTER-ADMIN
112,serviceaccount::kube-system::traefik,4,3,2.5,ServiceAccount kube-system/traefik  --[READ_SECRET]-->  ServiceAccount kube-system/resourcequota-controller  --[READ_SECRET]-->  ServiceAccount kube-system/bootstrap-signer  --[READ_SECRET]-->  ServiceAccount kube-system/helm-traefik  --[HOLDS_ADMIN]-->  CLUSTER-ADMIN
113,serviceaccount::kube-system::traefik,4,3,2.5,ServiceAccount kube-system/traefik  --[READ_SECRET]-->  ServiceAccount kube-system/resourcequota-controller  --[READ_SECRET]-->  ServiceAccount kube-system/bootstrap-signer  --[READ_SECRET]-->  ServiceAccount kube-system/helm-traefik-crd  --[HOLDS_ADMIN]-->  CLUSTER-ADMIN
114,serviceaccount::kube-system::traefik,4,3,2.5,ServiceAccount kube-system/traefik  --[READ_SECRET]-->  ServiceAccount kube-system/resourcequota-controller  --[READ_SECRET]-->  ServiceAccount kube-system/generic-garbage-collector  --[READ_SECRET]-->  ServiceAccount kube-system/helm-traefik  --[HOLDS_ADMIN]-->  CLUSTER-ADMIN
115,serviceaccount::kube-system::traefik,4,3,2.5,ServiceAccount kube-system/traefik  --[READ_SECRET]-->  ServiceAccount kube-system/resourcequota-controller  --[READ_SECRET]-->  ServiceAccount kube-system/generic-garbage-collector  --[READ_SECRET]-->  ServiceAccount kube-system/helm-traefik-crd  --[HOLDS_ADMIN]-->  CLUSTER-ADMIN
116,serviceaccount::kube-system::traefik,4,3,2.5,ServiceAccount kube-system/traefik  --[READ_SECRET]-->  ServiceAccount kube-system/resourcequota-controller  --[READ_SECRET]-->  ServiceAccount kube-system/namespace-controller  --[READ_SECRET]-->  ServiceAccount kube-system/helm-traefik  --[HOLDS_ADMIN]-->  CLUSTER-ADMIN
117,serviceaccount::kube-system::traefik,4,3,2.5,ServiceAccount kube-system/traefik  --[READ_SECRET]-->  ServiceAccount kube-system/resourcequota-controller  --[READ_SECRET]-->  ServiceAccount kube-system/namespace-controller  --[READ_SECRET]-->  ServiceAccount kube-system/helm-traefik-crd  --[HOLDS_ADMIN]-->  CLUSTER-ADMIN
118,serviceaccount::kube-system::traefik,4,3,2.5,ServiceAccount kube-system/traefik  --[READ_SECRET]-->  ServiceAccount kube-system/resourcequota-controller  --[READ_SECRET]-->  ServiceAccount kube-system/token-cleaner  --[READ_SECRET]-->  ServiceAccount kube-system/helm-traefik  --[HOLDS_ADMIN]-->  CLUSTER-ADMIN
119,serviceaccount::kube-system::traefik,4,3,2.5,ServiceAccount kube-system/traefik  --[READ_SECRET]-->  ServiceAccount kube-system/resourcequota-controller  --[READ_SECRET]-->  ServiceAccount kube-system/token-cleaner  --[READ_SECRET]-->  ServiceAccount kube-system/helm-traefik-crd  --[HOLDS_ADMIN]-->  CLUSTER-ADMIN
120,serviceaccount::kube-system::traefik,4,3,2.5,ServiceAccount kube-system/traefik  --[READ_SECRET]-->  ServiceAccount kube-system/token-cleaner  --[READ_SECRET]-->  ServiceAccount kube-system/bootstrap-signer  --[READ_SECRET]-->  ServiceAccount kube-system/helm-traefik  --[HOLDS_ADMIN]-->  CLUSTER-ADMIN
121,serviceaccount::kube-system::traefik,4,3,2.5,ServiceAccount kube-system/traefik  --[READ_SECRET]-->  ServiceAccount kube-system/token-cleaner  --[READ_SECRET]-->  ServiceAccount kube-system/bootstrap-signer  --[READ_SECRET]-->  ServiceAccount kube-system/helm-traefik-crd  --[HOLDS_ADMIN]-->  CLUSTER-ADMIN
122,serviceaccount::kube-system::traefik,4,3,2.5,ServiceAccount kube-system/traefik  --[READ_SECRET]-->  ServiceAccount kube-system/token-cleaner  --[READ_SECRET]-->  ServiceAccount kube-system/generic-garbage-collector  --[READ_SECRET]-->  ServiceAccount kube-system/helm-traefik  --[HOLDS_ADMIN]-->  CLUSTER-ADMIN
123,serviceaccount::kube-system::traefik,4,3,2.5,ServiceAccount kube-system/traefik  --[READ_SECRET]-->  ServiceAccount kube-system/token-cleaner  --[READ_SECRET]-->  ServiceAccount kube-system/generic-garbage-collector  --[READ_SECRET]-->  ServiceAccount kube-system/helm-traefik-crd  --[HOLDS_ADMIN]-->  CLUSTER-ADMIN
124,serviceaccount::kube-system::traefik,4,3,2.5,ServiceAccount kube-system/traefik  --[READ_SECRET]-->  ServiceAccount kube-system/token-cleaner  --[READ_SECRET]-->  ServiceAccount kube-system/namespace-controller  --[READ_SECRET]-->  ServiceAccount kube-system/helm-traefik  --[HOLDS_ADMIN]-->  CLUSTER-ADMIN
125,serviceaccount::kube-system::traefik,4,3,2.5,ServiceAccount kube-system/traefik  --[READ_SECRET]-->  ServiceAccount kube-system/token-cleaner  --[READ_SECRET]-->  ServiceAccount kube-system/namespace-controller  --[READ_SECRET]-->  ServiceAccount kube-system/helm-traefik-crd  --[HOLDS_ADMIN]-->  CLUSTER-ADMIN
126,serviceaccount::kube-system::traefik,4,3,2.5,ServiceAccount kube-system/traefik  --[READ_SECRET]-->  ServiceAccount kube-system/token-cleaner  --[READ_SECRET]-->  ServiceAccount kube-system/resourcequota-controller  --[READ_SECRET]-->  ServiceAccount kube-system/helm-traefik  --[HOLDS_ADMIN]-->  CLUSTER-ADMIN
127,serviceaccount::kube-system::traefik,4,3,2.5,ServiceAccount kube-system/traefik  --[READ_SECRET]-->  ServiceAccount kube-system/token-cleaner  --[READ_SECRET]-->  ServiceAccount kube-system/resourcequota-controller  --[READ_SECRET]-->  ServiceAccount kube-system/helm-traefik-crd  --[HOLDS_ADMIN]-->  CLUSTER-ADMIN
128,pod::kube-system::local-path-provisioner-77b9867795-z84s4,2,4,2.0,Pod kube-system/local-path-provisioner-77b9867795-z84s4  --[TOKEN_MOUNT]-->  ServiceAccount kube-system/local-path-provisioner-service-account  --[CREATE_PRIVILEGED_POD]-->  CLUSTER-ADMIN
129,serviceaccount::kube-system::traefik,2,4,2.0,ServiceAccount kube-system/traefik  --[READ_SECRET]-->  ServiceAccount kube-system/cronjob-controller  --[CREATE_PRIVILEGED_POD]-->  CLUSTER-ADMIN
130,serviceaccount::kube-system::traefik,2,4,2.0,ServiceAccount kube-system/traefik  --[READ_SECRET]-->  ServiceAccount kube-system/daemon-set-controller  --[CREATE_PRIVILEGED_POD]-->  CLUSTER-ADMIN
131,serviceaccount::kube-system::traefik,2,4,2.0,ServiceAccount kube-system/traefik  --[READ_SECRET]-->  ServiceAccount kube-system/deployment-controller  --[CREATE_PRIVILEGED_POD]-->  CLUSTER-ADMIN
132,serviceaccount::kube-system::traefik,2,4,2.0,ServiceAccount kube-system/traefik  --[READ_SECRET]-->  ServiceAccount kube-system/generic-garbage-collector  --[CREATE_PRIVILEGED_POD]-->  CLUSTER-ADMIN
133,serviceaccount::kube-system::traefik,2,4,2.0,ServiceAccount kube-system/traefik  --[READ_SECRET]-->  ServiceAccount kube-system/job-controller  --[CREATE_PRIVILEGED_POD]-->  CLUSTER-ADMIN
134,serviceaccount::kube-system::traefik,2,4,2.0,ServiceAccount kube-system/traefik  --[READ_SECRET]-->  ServiceAccount kube-system/local-path-provisioner-service-account  --[CREATE_PRIVILEGED_POD]-->  CLUSTER-ADMIN
135,serviceaccount::kube-system::traefik,2,4,2.0,ServiceAccount kube-system/traefik  --[READ_SECRET]-->  ServiceAccount kube-system/persistent-volume-binder  --[CREATE_PRIVILEGED_POD]-->  CLUSTER-ADMIN
136,serviceaccount::kube-system::traefik,2,4,2.0,ServiceAccount kube-system/traefik  --[READ_SECRET]-->  ServiceAccount kube-system/replicaset-controller  --[CREATE_PRIVILEGED_POD]-->  CLUSTER-ADMIN
137,serviceaccount::kube-system::traefik,2,4,2.0,ServiceAccount kube-system/traefik  --[READ_SECRET]-->  ServiceAccount kube-system/replication-controller  --[CREATE_PRIVILEGED_POD]-->  CLUSTER-ADMIN
138,serviceaccount::kube-system::traefik,2,4,2.0,ServiceAccount kube-system/traefik  --[READ_SECRET]-->  ServiceAccount kube-system/statefulset-controller  --[CREATE_PRIVILEGED_POD]-->  CLUSTER-ADMIN
139,pod::kube-system::local-path-provisioner-77b9867795-z84s4,3,4,2.0,Pod kube-system/local-path-provisioner-77b9867795-z84s4  --[TOKEN_MOUNT]-->  ServiceAccount kube-system/local-path-provisioner-service-account  --[CREATE_WORKLOAD]-->  ServiceAccount kube-system/clusterrole-aggregation-controller  --[ESCALATE_ROLE]-->  CLUSTER-ADMIN
140,serviceaccount::kube-system::local-path-provisioner-service-account,3,4,2.0,ServiceAccount kube-system/local-path-provisioner-service-account  --[CREATE_WORKLOAD]-->  ServiceAccount kube-system/bootstrap-signer  --[READ_SECRET]-->  ServiceAccount kube-system/clusterrole-aggregation-controller  --[ESCALATE_ROLE]-->  CLUSTER-ADMIN
141,serviceaccount::kube-system::local-path-provisioner-service-account,3,4,2.0,ServiceAccount kube-system/local-path-provisioner-service-account  --[CREATE_WORKLOAD]-->  ServiceAccount kube-system/cronjob-controller  --[CREATE_WORKLOAD]-->  ServiceAccount kube-system/helm-traefik  --[HOLDS_ADMIN]-->  CLUSTER-ADMIN
142,serviceaccount::kube-system::local-path-provisioner-service-account,3,4,2.0,ServiceAccount kube-system/local-path-provisioner-service-account  --[CREATE_WORKLOAD]-->  ServiceAccount kube-system/cronjob-controller  --[CREATE_WORKLOAD]-->  ServiceAccount kube-system/helm-traefik-crd  --[HOLDS_ADMIN]-->  CLUSTER-ADMIN
143,serviceaccount::kube-system::local-path-provisioner-service-account,3,4,2.0,ServiceAccount kube-system/local-path-provisioner-service-account  --[CREATE_WORKLOAD]-->  ServiceAccount kube-system/daemon-set-controller  --[CREATE_WORKLOAD]-->  ServiceAccount kube-system/helm-traefik  --[HOLDS_ADMIN]-->  CLUSTER-ADMIN
144,serviceaccount::kube-system::local-path-provisioner-service-account,3,4,2.0,ServiceAccount kube-system/local-path-provisioner-service-account  --[CREATE_WORKLOAD]-->  ServiceAccount kube-system/daemon-set-controller  --[CREATE_WORKLOAD]-->  ServiceAccount kube-system/helm-traefik-crd  --[HOLDS_ADMIN]-->  CLUSTER-ADMIN
145,serviceaccount::kube-system::local-path-provisioner-service-account,3,4,2.0,ServiceAccount kube-system/local-path-provisioner-service-account  --[CREATE_WORKLOAD]-->  ServiceAccount kube-system/deployment-controller  --[CREATE_WORKLOAD]-->  ServiceAccount kube-system/helm-traefik  --[HOLDS_ADMIN]-->  CLUSTER-ADMIN
146,serviceaccount::kube-system::local-path-provisioner-service-account,3,4,2.0,ServiceAccount kube-system/local-path-provisioner-service-account  --[CREATE_WORKLOAD]-->  ServiceAccount kube-system/deployment-controller  --[CREATE_WORKLOAD]-->  ServiceAccount kube-system/helm-traefik-crd  --[HOLDS_ADMIN]-->  CLUSTER-ADMIN
147,serviceaccount::kube-system::local-path-provisioner-service-account,3,4,2.0,ServiceAccount kube-system/local-path-provisioner-service-account  --[CREATE_WORKLOAD]-->  ServiceAccount kube-system/generic-garbage-collector  --[READ_SECRET]-->  ServiceAccount kube-system/clusterrole-aggregation-controller  --[ESCALATE_ROLE]-->  CLUSTER-ADMIN
148,serviceaccount::kube-system::local-path-provisioner-service-account,3,4,2.0,ServiceAccount kube-system/local-path-provisioner-service-account  --[CREATE_WORKLOAD]-->  ServiceAccount kube-system/job-controller  --[CREATE_WORKLOAD]-->  ServiceAccount kube-system/helm-traefik  --[HOLDS_ADMIN]-->  CLUSTER-ADMIN
149,serviceaccount::kube-system::local-path-provisioner-service-account,3,4,2.0,ServiceAccount kube-system/local-path-provisioner-service-account  --[CREATE_WORKLOAD]-->  ServiceAccount kube-system/job-controller  --[CREATE_WORKLOAD]-->  ServiceAccount kube-system/helm-traefik-crd  --[HOLDS_ADMIN]-->  CLUSTER-ADMIN
150,serviceaccount::kube-system::local-path-provisioner-service-account,3,4,2.0,ServiceAccount kube-system/local-path-provisioner-service-account  --[CREATE_WORKLOAD]-->  ServiceAccount kube-system/namespace-controller  --[READ_SECRET]-->  ServiceAccount kube-system/clusterrole-aggregation-controller  --[ESCALATE_ROLE]-->  CLUSTER-ADMIN
151,serviceaccount::kube-system::local-path-provisioner-service-account,3,4,2.0,ServiceAccount kube-system/local-path-provisioner-service-account  --[CREATE_WORKLOAD]-->  ServiceAccount kube-system/persistent-volume-binder  --[CREATE_WORKLOAD]-->  ServiceAccount kube-system/helm-traefik  --[HOLDS_ADMIN]-->  CLUSTER-ADMIN
152,serviceaccount::kube-system::local-path-provisioner-service-account,3,4,2.0,ServiceAccount kube-system/local-path-provisioner-service-account  --[CREATE_WORKLOAD]-->  ServiceAccount kube-system/persistent-volume-binder  --[CREATE_WORKLOAD]-->  ServiceAccount kube-system/helm-traefik-crd  --[HOLDS_ADMIN]-->  CLUSTER-ADMIN
153,serviceaccount::kube-system::local-path-provisioner-service-account,3,4,2.0,ServiceAccount kube-system/local-path-provisioner-service-account  --[CREATE_WORKLOAD]-->  ServiceAccount kube-system/replicaset-controller  --[CREATE_WORKLOAD]-->  ServiceAccount kube-system/helm-traefik  --[HOLDS_ADMIN]-->  CLUSTER-ADMIN
154,serviceaccount::kube-system::local-path-provisioner-service-account,3,4,2.0,ServiceAccount kube-system/local-path-provisioner-service-account  --[CREATE_WORKLOAD]-->  ServiceAccount kube-system/replicaset-controller  --[CREATE_WORKLOAD]-->  ServiceAccount kube-system/helm-traefik-crd  --[HOLDS_ADMIN]-->  CLUSTER-ADMIN
155,serviceaccount::kube-system::local-path-provisioner-service-account,3,4,2.0,ServiceAccount kube-system/local-path-provisioner-service-account  --[CREATE_WORKLOAD]-->  ServiceAccount kube-system/replication-controller  --[CREATE_WORKLOAD]-->  ServiceAccount kube-system/helm-traefik  --[HOLDS_ADMIN]-->  CLUSTER-ADMIN
156,serviceaccount::kube-system::local-path-provisioner-service-account,3,4,2.0,ServiceAccount kube-system/local-path-provisioner-service-account  --[CREATE_WORKLOAD]-->  ServiceAccount kube-system/replication-controller  --[CREATE_WORKLOAD]-->  ServiceAccount kube-system/helm-traefik-crd  --[HOLDS_ADMIN]-->  CLUSTER-ADMIN
157,serviceaccount::kube-system::local-path-provisioner-service-account,3,4,2.0,ServiceAccount kube-system/local-path-provisioner-service-account  --[CREATE_WORKLOAD]-->  ServiceAccount kube-system/resourcequota-controller  --[READ_SECRET]-->  ServiceAccount kube-system/clusterrole-aggregation-controller  --[ESCALATE_ROLE]-->  CLUSTER-ADMIN
158,serviceaccount::kube-system::local-path-provisioner-service-account,3,4,2.0,ServiceAccount kube-system/local-path-provisioner-service-account  --[CREATE_WORKLOAD]-->  ServiceAccount kube-system/statefulset-controller  --[CREATE_WORKLOAD]-->  ServiceAccount kube-system/helm-traefik  --[HOLDS_ADMIN]-->  CLUSTER-ADMIN
159,serviceaccount::kube-system::local-path-provisioner-service-account,3,4,2.0,ServiceAccount kube-system/local-path-provisioner-service-account  --[CREATE_WORKLOAD]-->  ServiceAccount kube-system/statefulset-controller  --[CREATE_WORKLOAD]-->  ServiceAccount kube-system/helm-traefik-crd  --[HOLDS_ADMIN]-->  CLUSTER-ADMIN
160,serviceaccount::kube-system::local-path-provisioner-service-account,3,4,2.0,ServiceAccount kube-system/local-path-provisioner-service-account  --[CREATE_WORKLOAD]-->  ServiceAccount kube-system/token-cleaner  --[READ_SECRET]-->  ServiceAccount kube-system/clusterrole-aggregation-controller  --[ESCALATE_ROLE]-->  CLUSTER-ADMIN
161,serviceaccount::kube-system::local-path-provisioner-service-account,3,4,2.0,ServiceAccount kube-system/local-path-provisioner-service-account  --[CREATE_WORKLOAD]-->  ServiceAccount kube-system/traefik  --[READ_SECRET]-->  ServiceAccount kube-system/clusterrole-aggregation-controller  --[ESCALATE_ROLE]-->  CLUSTER-ADMIN
162,serviceaccount::kube-system::traefik,3,4,2.0,ServiceAccount kube-system/traefik  --[READ_SECRET]-->  ServiceAccount kube-system/cronjob-controller  --[CREATE_WORKLOAD]-->  ServiceAccount kube-system/clusterrole-aggregation-controller  --[ESCALATE_ROLE]-->  CLUSTER-ADMIN
163,serviceaccount::kube-system::traefik,3,4,2.0,ServiceAccount kube-system/traefik  --[READ_SECRET]-->  ServiceAccount kube-system/daemon-set-controller  --[CREATE_WORKLOAD]-->  ServiceAccount kube-system/clusterrole-aggregation-controller  --[ESCALATE_ROLE]-->  CLUSTER-ADMIN
164,serviceaccount::kube-system::traefik,3,4,2.0,ServiceAccount kube-system/traefik  --[READ_SECRET]-->  ServiceAccount kube-system/deployment-controller  --[CREATE_WORKLOAD]-->  ServiceAccount kube-system/clusterrole-aggregation-controller  --[ESCALATE_ROLE]-->  CLUSTER-ADMIN
165,serviceaccount::kube-system::traefik,3,4,2.0,ServiceAccount kube-system/traefik  --[READ_SECRET]-->  ServiceAccount kube-system/job-controller  --[CREATE_WORKLOAD]-->  ServiceAccount kube-system/clusterrole-aggregation-controller  --[ESCALATE_ROLE]-->  CLUSTER-ADMIN
166,serviceaccount::kube-system::traefik,3,4,2.0,ServiceAccount kube-system/traefik  --[READ_SECRET]-->  ServiceAccount kube-system/local-path-provisioner-service-account  --[CREATE_WORKLOAD]-->  ServiceAccount kube-system/clusterrole-aggregation-controller  --[ESCALATE_ROLE]-->  CLUSTER-ADMIN
167,serviceaccount::kube-system::traefik,3,4,2.0,ServiceAccount kube-system/traefik  --[READ_SECRET]-->  ServiceAccount kube-system/persistent-volume-binder  --[CREATE_WORKLOAD]-->  ServiceAccount kube-system/clusterrole-aggregation-controller  --[ESCALATE_ROLE]-->  CLUSTER-ADMIN
168,serviceaccount::kube-system::traefik,3,4,2.0,ServiceAccount kube-system/traefik  --[READ_SECRET]-->  ServiceAccount kube-system/replicaset-controller  --[CREATE_WORKLOAD]-->  ServiceAccount kube-system/clusterrole-aggregation-controller  --[ESCALATE_ROLE]-->  CLUSTER-ADMIN
169,serviceaccount::kube-system::traefik,3,4,2.0,ServiceAccount kube-system/traefik  --[READ_SECRET]-->  ServiceAccount kube-system/replication-controller  --[CREATE_WORKLOAD]-->  ServiceAccount kube-system/clusterrole-aggregation-controller  --[ESCALATE_ROLE]-->  CLUSTER-ADMIN
170,serviceaccount::kube-system::traefik,3,4,2.0,ServiceAccount kube-system/traefik  --[READ_SECRET]-->  ServiceAccount kube-system/statefulset-controller  --[CREATE_WORKLOAD]-->  ServiceAccount kube-system/clusterrole-aggregation-controller  --[ESCALATE_ROLE]-->  CLUSTER-ADMIN
171,user::k3s-cloud-controller-manager,3,4,2.0,User k3s-cloud-controller-manager  --[CREATE_WORKLOAD]-->  ServiceAccount kube-system/bootstrap-signer  --[READ_SECRET]-->  ServiceAccount kube-system/clusterrole-aggregation-controller  --[ESCALATE_ROLE]-->  CLUSTER-ADMIN
172,user::k3s-cloud-controller-manager,3,4,2.0,User k3s-cloud-controller-manager  --[CREATE_WORKLOAD]-->  ServiceAccount kube-system/cronjob-controller  --[CREATE_WORKLOAD]-->  ServiceAccount kube-system/helm-traefik  --[HOLDS_ADMIN]-->  CLUSTER-ADMIN
173,user::k3s-cloud-controller-manager,3,4,2.0,User k3s-cloud-controller-manager  --[CREATE_WORKLOAD]-->  ServiceAccount kube-system/cronjob-controller  --[CREATE_WORKLOAD]-->  ServiceAccount kube-system/helm-traefik-crd  --[HOLDS_ADMIN]-->  CLUSTER-ADMIN
174,user::k3s-cloud-controller-manager,3,4,2.0,User k3s-cloud-controller-manager  --[CREATE_WORKLOAD]-->  ServiceAccount kube-system/daemon-set-controller  --[CREATE_WORKLOAD]-->  ServiceAccount kube-system/helm-traefik  --[HOLDS_ADMIN]-->  CLUSTER-ADMIN
175,user::k3s-cloud-controller-manager,3,4,2.0,User k3s-cloud-controller-manager  --[CREATE_WORKLOAD]-->  ServiceAccount kube-system/daemon-set-controller  --[CREATE_WORKLOAD]-->  ServiceAccount kube-system/helm-traefik-crd  --[HOLDS_ADMIN]-->  CLUSTER-ADMIN
176,user::k3s-cloud-controller-manager,3,4,2.0,User k3s-cloud-controller-manager  --[CREATE_WORKLOAD]-->  ServiceAccount kube-system/deployment-controller  --[CREATE_WORKLOAD]-->  ServiceAccount kube-system/helm-traefik  --[HOLDS_ADMIN]-->  CLUSTER-ADMIN
177,user::k3s-cloud-controller-manager,3,4,2.0,User k3s-cloud-controller-manager  --[CREATE_WORKLOAD]-->  ServiceAccount kube-system/deployment-controller  --[CREATE_WORKLOAD]-->  ServiceAccount kube-system/helm-traefik-crd  --[HOLDS_ADMIN]-->  CLUSTER-ADMIN
178,user::k3s-cloud-controller-manager,3,4,2.0,User k3s-cloud-controller-manager  --[CREATE_WORKLOAD]-->  ServiceAccount kube-system/generic-garbage-collector  --[READ_SECRET]-->  ServiceAccount kube-system/clusterrole-aggregation-controller  --[ESCALATE_ROLE]-->  CLUSTER-ADMIN
179,user::k3s-cloud-controller-manager,3,4,2.0,User k3s-cloud-controller-manager  --[CREATE_WORKLOAD]-->  ServiceAccount kube-system/job-controller  --[CREATE_WORKLOAD]-->  ServiceAccount kube-system/helm-traefik  --[HOLDS_ADMIN]-->  CLUSTER-ADMIN
180,user::k3s-cloud-controller-manager,3,4,2.0,User k3s-cloud-controller-manager  --[CREATE_WORKLOAD]-->  ServiceAccount kube-system/job-controller  --[CREATE_WORKLOAD]-->  ServiceAccount kube-system/helm-traefik-crd  --[HOLDS_ADMIN]-->  CLUSTER-ADMIN
181,user::k3s-cloud-controller-manager,3,4,2.0,User k3s-cloud-controller-manager  --[CREATE_WORKLOAD]-->  ServiceAccount kube-system/local-path-provisioner-service-account  --[CREATE_WORKLOAD]-->  ServiceAccount kube-system/helm-traefik  --[HOLDS_ADMIN]-->  CLUSTER-ADMIN
182,user::k3s-cloud-controller-manager,3,4,2.0,User k3s-cloud-controller-manager  --[CREATE_WORKLOAD]-->  ServiceAccount kube-system/local-path-provisioner-service-account  --[CREATE_WORKLOAD]-->  ServiceAccount kube-system/helm-traefik-crd  --[HOLDS_ADMIN]-->  CLUSTER-ADMIN
183,user::k3s-cloud-controller-manager,3,4,2.0,User k3s-cloud-controller-manager  --[CREATE_WORKLOAD]-->  ServiceAccount kube-system/namespace-controller  --[READ_SECRET]-->  ServiceAccount kube-system/clusterrole-aggregation-controller  --[ESCALATE_ROLE]-->  CLUSTER-ADMIN
184,user::k3s-cloud-controller-manager,3,4,2.0,User k3s-cloud-controller-manager  --[CREATE_WORKLOAD]-->  ServiceAccount kube-system/persistent-volume-binder  --[CREATE_WORKLOAD]-->  ServiceAccount kube-system/helm-traefik  --[HOLDS_ADMIN]-->  CLUSTER-ADMIN
185,user::k3s-cloud-controller-manager,3,4,2.0,User k3s-cloud-controller-manager  --[CREATE_WORKLOAD]-->  ServiceAccount kube-system/persistent-volume-binder  --[CREATE_WORKLOAD]-->  ServiceAccount kube-system/helm-traefik-crd  --[HOLDS_ADMIN]-->  CLUSTER-ADMIN
186,user::k3s-cloud-controller-manager,3,4,2.0,User k3s-cloud-controller-manager  --[CREATE_WORKLOAD]-->  ServiceAccount kube-system/replicaset-controller  --[CREATE_WORKLOAD]-->  ServiceAccount kube-system/helm-traefik  --[HOLDS_ADMIN]-->  CLUSTER-ADMIN
187,user::k3s-cloud-controller-manager,3,4,2.0,User k3s-cloud-controller-manager  --[CREATE_WORKLOAD]-->  ServiceAccount kube-system/replicaset-controller  --[CREATE_WORKLOAD]-->  ServiceAccount kube-system/helm-traefik-crd  --[HOLDS_ADMIN]-->  CLUSTER-ADMIN
188,user::k3s-cloud-controller-manager,3,4,2.0,User k3s-cloud-controller-manager  --[CREATE_WORKLOAD]-->  ServiceAccount kube-system/replication-controller  --[CREATE_WORKLOAD]-->  ServiceAccount kube-system/helm-traefik  --[HOLDS_ADMIN]-->  CLUSTER-ADMIN
189,user::k3s-cloud-controller-manager,3,4,2.0,User k3s-cloud-controller-manager  --[CREATE_WORKLOAD]-->  ServiceAccount kube-system/replication-controller  --[CREATE_WORKLOAD]-->  ServiceAccount kube-system/helm-traefik-crd  --[HOLDS_ADMIN]-->  CLUSTER-ADMIN
190,user::k3s-cloud-controller-manager,3,4,2.0,User k3s-cloud-controller-manager  --[CREATE_WORKLOAD]-->  ServiceAccount kube-system/resourcequota-controller  --[READ_SECRET]-->  ServiceAccount kube-system/clusterrole-aggregation-controller  --[ESCALATE_ROLE]-->  CLUSTER-ADMIN
191,user::k3s-cloud-controller-manager,3,4,2.0,User k3s-cloud-controller-manager  --[CREATE_WORKLOAD]-->  ServiceAccount kube-system/statefulset-controller  --[CREATE_WORKLOAD]-->  ServiceAccount kube-system/helm-traefik  --[HOLDS_ADMIN]-->  CLUSTER-ADMIN
192,user::k3s-cloud-controller-manager,3,4,2.0,User k3s-cloud-controller-manager  --[CREATE_WORKLOAD]-->  ServiceAccount kube-system/statefulset-controller  --[CREATE_WORKLOAD]-->  ServiceAccount kube-system/helm-traefik-crd  --[HOLDS_ADMIN]-->  CLUSTER-ADMIN
193,user::k3s-cloud-controller-manager,3,4,2.0,User k3s-cloud-controller-manager  --[CREATE_WORKLOAD]-->  ServiceAccount kube-system/token-cleaner  --[READ_SECRET]-->  ServiceAccount kube-system/clusterrole-aggregation-controller  --[ESCALATE_ROLE]-->  CLUSTER-ADMIN
194,user::k3s-cloud-controller-manager,3,4,2.0,User k3s-cloud-controller-manager  --[CREATE_WORKLOAD]-->  ServiceAccount kube-system/traefik  --[READ_SECRET]-->  ServiceAccount kube-system/clusterrole-aggregation-controller  --[ESCALATE_ROLE]-->  CLUSTER-ADMIN
195,pod::kube-system::local-path-provisioner-77b9867795-z84s4,4,4,2.0,Pod kube-system/local-path-provisioner-77b9867795-z84s4  --[TOKEN_MOUNT]-->  ServiceAccount kube-system/local-path-provisioner-service-account  --[CREATE_WORKLOAD]-->  ServiceAccount kube-system/bootstrap-signer  --[READ_SECRET]-->  ServiceAccount kube-system/helm-traefik  --[HOLDS_ADMIN]-->  CLUSTER-ADMIN
196,pod::kube-system::local-path-provisioner-77b9867795-z84s4,4,4,2.0,Pod kube-system/local-path-provisioner-77b9867795-z84s4  --[TOKEN_MOUNT]-->  ServiceAccount kube-system/local-path-provisioner-service-account  --[CREATE_WORKLOAD]-->  ServiceAccount kube-system/bootstrap-signer  --[READ_SECRET]-->  ServiceAccount kube-system/helm-traefik-crd  --[HOLDS_ADMIN]-->  CLUSTER-ADMIN
197,pod::kube-system::local-path-provisioner-77b9867795-z84s4,4,4,2.0,Pod kube-system/local-path-provisioner-77b9867795-z84s4  --[TOKEN_MOUNT]-->  ServiceAccount kube-system/local-path-provisioner-service-account  --[CREATE_WORKLOAD]-->  ServiceAccount kube-system/generic-garbage-collector  --[READ_SECRET]-->  ServiceAccount kube-system/helm-traefik  --[HOLDS_ADMIN]-->  CLUSTER-ADMIN
198,pod::kube-system::local-path-provisioner-77b9867795-z84s4,4,4,2.0,Pod kube-system/local-path-provisioner-77b9867795-z84s4  --[TOKEN_MOUNT]-->  ServiceAccount kube-system/local-path-provisioner-service-account  --[CREATE_WORKLOAD]-->  ServiceAccount kube-system/generic-garbage-collector  --[READ_SECRET]-->  ServiceAccount kube-system/helm-traefik-crd  --[HOLDS_ADMIN]-->  CLUSTER-ADMIN
199,pod::kube-system::local-path-provisioner-77b9867795-z84s4,4,4,2.0,Pod kube-system/local-path-provisioner-77b9867795-z84s4  --[TOKEN_MOUNT]-->  ServiceAccount kube-system/local-path-provisioner-service-account  --[CREATE_WORKLOAD]-->  ServiceAccount kube-system/namespace-controller  --[READ_SECRET]-->  ServiceAccount kube-system/helm-traefik  --[HOLDS_ADMIN]-->  CLUSTER-ADMIN
200,pod::kube-system::local-path-provisioner-77b9867795-z84s4,4,4,2.0,Pod kube-system/local-path-provisioner-77b9867795-z84s4  --[TOKEN_MOUNT]-->  ServiceAccount kube-system/local-path-provisioner-service-account  --[CREATE_WORKLOAD]-->  ServiceAccount kube-system/namespace-controller  --[READ_SECRET]-->  ServiceAccount kube-system/helm-traefik-crd  --[HOLDS_ADMIN]-->  CLUSTER-ADMIN
201,pod::kube-system::local-path-provisioner-77b9867795-z84s4,4,4,2.0,Pod kube-system/local-path-provisioner-77b9867795-z84s4  --[TOKEN_MOUNT]-->  ServiceAccount kube-system/local-path-provisioner-service-account  --[CREATE_WORKLOAD]-->  ServiceAccount kube-system/resourcequota-controller  --[READ_SECRET]-->  ServiceAccount kube-system/helm-traefik  --[HOLDS_ADMIN]-->  CLUSTER-ADMIN
202,pod::kube-system::local-path-provisioner-77b9867795-z84s4,4,4,2.0,Pod kube-system/local-path-provisioner-77b9867795-z84s4  --[TOKEN_MOUNT]-->  ServiceAccount kube-system/local-path-provisioner-service-account  --[CREATE_WORKLOAD]-->  ServiceAccount kube-system/resourcequota-controller  --[READ_SECRET]-->  ServiceAccount kube-system/helm-traefik-crd  --[HOLDS_ADMIN]-->  CLUSTER-ADMIN
203,pod::kube-system::local-path-provisioner-77b9867795-z84s4,4,4,2.0,Pod kube-system/local-path-provisioner-77b9867795-z84s4  --[TOKEN_MOUNT]-->  ServiceAccount kube-system/local-path-provisioner-service-account  --[CREATE_WORKLOAD]-->  ServiceAccount kube-system/token-cleaner  --[READ_SECRET]-->  ServiceAccount kube-system/helm-traefik  --[HOLDS_ADMIN]-->  CLUSTER-ADMIN
204,pod::kube-system::local-path-provisioner-77b9867795-z84s4,4,4,2.0,Pod kube-system/local-path-provisioner-77b9867795-z84s4  --[TOKEN_MOUNT]-->  ServiceAccount kube-system/local-path-provisioner-service-account  --[CREATE_WORKLOAD]-->  ServiceAccount kube-system/token-cleaner  --[READ_SECRET]-->  ServiceAccount kube-system/helm-traefik-crd  --[HOLDS_ADMIN]-->  CLUSTER-ADMIN
205,pod::kube-system::local-path-provisioner-77b9867795-z84s4,4,4,2.0,Pod kube-system/local-path-provisioner-77b9867795-z84s4  --[TOKEN_MOUNT]-->  ServiceAccount kube-system/local-path-provisioner-service-account  --[CREATE_WORKLOAD]-->  ServiceAccount kube-system/traefik  --[READ_SECRET]-->  ServiceAccount kube-system/helm-traefik  --[HOLDS_ADMIN]-->  CLUSTER-ADMIN
206,pod::kube-system::local-path-provisioner-77b9867795-z84s4,4,4,2.0,Pod kube-system/local-path-provisioner-77b9867795-z84s4  --[TOKEN_MOUNT]-->  ServiceAccount kube-system/local-path-provisioner-service-account  --[CREATE_WORKLOAD]-->  ServiceAccount kube-system/traefik  --[READ_SECRET]-->  ServiceAccount kube-system/helm-traefik-crd  --[HOLDS_ADMIN]-->  CLUSTER-ADMIN
207,pod::kube-system::traefik-59b7647586-r2rdb,4,4,2.0,Pod kube-system/traefik-59b7647586-r2rdb  --[TOKEN_MOUNT]-->  ServiceAccount kube-system/traefik  --[READ_SECRET]-->  ServiceAccount kube-system/bootstrap-signer  --[READ_SECRET]-->  ServiceAccount kube-system/clusterrole-aggregation-controller  --[ESCALATE_ROLE]-->  CLUSTER-ADMIN
208,pod::kube-system::traefik-59b7647586-r2rdb,4,4,2.0,Pod kube-system/traefik-59b7647586-r2rdb  --[TOKEN_MOUNT]-->  ServiceAccount kube-system/traefik  --[READ_SECRET]-->  ServiceAccount kube-system/cronjob-controller  --[CREATE_WORKLOAD]-->  ServiceAccount kube-system/helm-traefik  --[HOLDS_ADMIN]-->  CLUSTER-ADMIN
209,pod::kube-system::traefik-59b7647586-r2rdb,4,4,2.0,Pod kube-system/traefik-59b7647586-r2rdb  --[TOKEN_MOUNT]-->  ServiceAccount kube-system/traefik  --[READ_SECRET]-->  ServiceAccount kube-system/cronjob-controller  --[CREATE_WORKLOAD]-->  ServiceAccount kube-system/helm-traefik-crd  --[HOLDS_ADMIN]-->  CLUSTER-ADMIN
210,pod::kube-system::traefik-59b7647586-r2rdb,4,4,2.0,Pod kube-system/traefik-59b7647586-r2rdb  --[TOKEN_MOUNT]-->  ServiceAccount kube-system/traefik  --[READ_SECRET]-->  ServiceAccount kube-system/daemon-set-controller  --[CREATE_WORKLOAD]-->  ServiceAccount kube-system/helm-traefik  --[HOLDS_ADMIN]-->  CLUSTER-ADMIN
211,pod::kube-system::traefik-59b7647586-r2rdb,4,4,2.0,Pod kube-system/traefik-59b7647586-r2rdb  --[TOKEN_MOUNT]-->  ServiceAccount kube-system/traefik  --[READ_SECRET]-->  ServiceAccount kube-system/daemon-set-controller  --[CREATE_WORKLOAD]-->  ServiceAccount kube-system/helm-traefik-crd  --[HOLDS_ADMIN]-->  CLUSTER-ADMIN
212,pod::kube-system::traefik-59b7647586-r2rdb,4,4,2.0,Pod kube-system/traefik-59b7647586-r2rdb  --[TOKEN_MOUNT]-->  ServiceAccount kube-system/traefik  --[READ_SECRET]-->  ServiceAccount kube-system/deployment-controller  --[CREATE_WORKLOAD]-->  ServiceAccount kube-system/helm-traefik  --[HOLDS_ADMIN]-->  CLUSTER-ADMIN
213,pod::kube-system::traefik-59b7647586-r2rdb,4,4,2.0,Pod kube-system/traefik-59b7647586-r2rdb  --[TOKEN_MOUNT]-->  ServiceAccount kube-system/traefik  --[READ_SECRET]-->  ServiceAccount kube-system/deployment-controller  --[CREATE_WORKLOAD]-->  ServiceAccount kube-system/helm-traefik-crd  --[HOLDS_ADMIN]-->  CLUSTER-ADMIN
214,pod::kube-system::traefik-59b7647586-r2rdb,4,4,2.0,Pod kube-system/traefik-59b7647586-r2rdb  --[TOKEN_MOUNT]-->  ServiceAccount kube-system/traefik  --[READ_SECRET]-->  ServiceAccount kube-system/generic-garbage-collector  --[READ_SECRET]-->  ServiceAccount kube-system/clusterrole-aggregation-controller  --[ESCALATE_ROLE]-->  CLUSTER-ADMIN
215,pod::kube-system::traefik-59b7647586-r2rdb,4,4,2.0,Pod kube-system/traefik-59b7647586-r2rdb  --[TOKEN_MOUNT]-->  ServiceAccount kube-system/traefik  --[READ_SECRET]-->  ServiceAccount kube-system/job-controller  --[CREATE_WORKLOAD]-->  ServiceAccount kube-system/helm-traefik  --[HOLDS_ADMIN]-->  CLUSTER-ADMIN
216,pod::kube-system::traefik-59b7647586-r2rdb,4,4,2.0,Pod kube-system/traefik-59b7647586-r2rdb  --[TOKEN_MOUNT]-->  ServiceAccount kube-system/traefik  --[READ_SECRET]-->  ServiceAccount kube-system/job-controller  --[CREATE_WORKLOAD]-->  ServiceAccount kube-system/helm-traefik-crd  --[HOLDS_ADMIN]-->  CLUSTER-ADMIN
217,pod::kube-system::traefik-59b7647586-r2rdb,4,4,2.0,Pod kube-system/traefik-59b7647586-r2rdb  --[TOKEN_MOUNT]-->  ServiceAccount kube-system/traefik  --[READ_SECRET]-->  ServiceAccount kube-system/local-path-provisioner-service-account  --[CREATE_WORKLOAD]-->  ServiceAccount kube-system/helm-traefik  --[HOLDS_ADMIN]-->  CLUSTER-ADMIN
218,pod::kube-system::traefik-59b7647586-r2rdb,4,4,2.0,Pod kube-system/traefik-59b7647586-r2rdb  --[TOKEN_MOUNT]-->  ServiceAccount kube-system/traefik  --[READ_SECRET]-->  ServiceAccount kube-system/local-path-provisioner-service-account  --[CREATE_WORKLOAD]-->  ServiceAccount kube-system/helm-traefik-crd  --[HOLDS_ADMIN]-->  CLUSTER-ADMIN
219,pod::kube-system::traefik-59b7647586-r2rdb,4,4,2.0,Pod kube-system/traefik-59b7647586-r2rdb  --[TOKEN_MOUNT]-->  ServiceAccount kube-system/traefik  --[READ_SECRET]-->  ServiceAccount kube-system/namespace-controller  --[READ_SECRET]-->  ServiceAccount kube-system/clusterrole-aggregation-controller  --[ESCALATE_ROLE]-->  CLUSTER-ADMIN
220,pod::kube-system::traefik-59b7647586-r2rdb,4,4,2.0,Pod kube-system/traefik-59b7647586-r2rdb  --[TOKEN_MOUNT]-->  ServiceAccount kube-system/traefik  --[READ_SECRET]-->  ServiceAccount kube-system/persistent-volume-binder  --[CREATE_WORKLOAD]-->  ServiceAccount kube-system/helm-traefik  --[HOLDS_ADMIN]-->  CLUSTER-ADMIN
221,pod::kube-system::traefik-59b7647586-r2rdb,4,4,2.0,Pod kube-system/traefik-59b7647586-r2rdb  --[TOKEN_MOUNT]-->  ServiceAccount kube-system/traefik  --[READ_SECRET]-->  ServiceAccount kube-system/persistent-volume-binder  --[CREATE_WORKLOAD]-->  ServiceAccount kube-system/helm-traefik-crd  --[HOLDS_ADMIN]-->  CLUSTER-ADMIN
222,pod::kube-system::traefik-59b7647586-r2rdb,4,4,2.0,Pod kube-system/traefik-59b7647586-r2rdb  --[TOKEN_MOUNT]-->  ServiceAccount kube-system/traefik  --[READ_SECRET]-->  ServiceAccount kube-system/replicaset-controller  --[CREATE_WORKLOAD]-->  ServiceAccount kube-system/helm-traefik  --[HOLDS_ADMIN]-->  CLUSTER-ADMIN
223,pod::kube-system::traefik-59b7647586-r2rdb,4,4,2.0,Pod kube-system/traefik-59b7647586-r2rdb  --[TOKEN_MOUNT]-->  ServiceAccount kube-system/traefik  --[READ_SECRET]-->  ServiceAccount kube-system/replicaset-controller  --[CREATE_WORKLOAD]-->  ServiceAccount kube-system/helm-traefik-crd  --[HOLDS_ADMIN]-->  CLUSTER-ADMIN
224,pod::kube-system::traefik-59b7647586-r2rdb,4,4,2.0,Pod kube-system/traefik-59b7647586-r2rdb  --[TOKEN_MOUNT]-->  ServiceAccount kube-system/traefik  --[READ_SECRET]-->  ServiceAccount kube-system/replication-controller  --[CREATE_WORKLOAD]-->  ServiceAccount kube-system/helm-traefik  --[HOLDS_ADMIN]-->  CLUSTER-ADMIN
225,pod::kube-system::traefik-59b7647586-r2rdb,4,4,2.0,Pod kube-system/traefik-59b7647586-r2rdb  --[TOKEN_MOUNT]-->  ServiceAccount kube-system/traefik  --[READ_SECRET]-->  ServiceAccount kube-system/replication-controller  --[CREATE_WORKLOAD]-->  ServiceAccount kube-system/helm-traefik-crd  --[HOLDS_ADMIN]-->  CLUSTER-ADMIN
226,pod::kube-system::traefik-59b7647586-r2rdb,4,4,2.0,Pod kube-system/traefik-59b7647586-r2rdb  --[TOKEN_MOUNT]-->  ServiceAccount kube-system/traefik  --[READ_SECRET]-->  ServiceAccount kube-system/resourcequota-controller  --[READ_SECRET]-->  ServiceAccount kube-system/clusterrole-aggregation-controller  --[ESCALATE_ROLE]-->  CLUSTER-ADMIN
227,pod::kube-system::traefik-59b7647586-r2rdb,4,4,2.0,Pod kube-system/traefik-59b7647586-r2rdb  --[TOKEN_MOUNT]-->  ServiceAccount kube-system/traefik  --[READ_SECRET]-->  ServiceAccount kube-system/statefulset-controller  --[CREATE_WORKLOAD]-->  ServiceAccount kube-system/helm-traefik  --[HOLDS_ADMIN]-->  CLUSTER-ADMIN
228,pod::kube-system::traefik-59b7647586-r2rdb,4,4,2.0,Pod kube-system/traefik-59b7647586-r2rdb  --[TOKEN_MOUNT]-->  ServiceAccount kube-system/traefik  --[READ_SECRET]-->  ServiceAccount kube-system/statefulset-controller  --[CREATE_WORKLOAD]-->  ServiceAccount kube-system/helm-traefik-crd  --[HOLDS_ADMIN]-->  CLUSTER-ADMIN
229,pod::kube-system::traefik-59b7647586-r2rdb,4,4,2.0,Pod kube-system/traefik-59b7647586-r2rdb  --[TOKEN_MOUNT]-->  ServiceAccount kube-system/traefik  --[READ_SECRET]-->  ServiceAccount kube-system/token-cleaner  --[READ_SECRET]-->  ServiceAccount kube-system/clusterrole-aggregation-controller  --[ESCALATE_ROLE]-->  CLUSTER-ADMIN
230,serviceaccount::kube-system::local-path-provisioner-service-account,4,4,2.0,ServiceAccount kube-system/local-path-provisioner-service-account  --[CREATE_WORKLOAD]-->  ServiceAccount kube-system/bootstrap-signer  --[READ_SECRET]-->  ServiceAccount kube-system/generic-garbage-collector  --[READ_SECRET]-->  ServiceAccount kube-system/helm-traefik  --[HOLDS_ADMIN]-->  CLUSTER-ADMIN
231,serviceaccount::kube-system::local-path-provisioner-service-account,4,4,2.0,ServiceAccount kube-system/local-path-provisioner-service-account  --[CREATE_WORKLOAD]-->  ServiceAccount kube-system/bootstrap-signer  --[READ_SECRET]-->  ServiceAccount kube-system/generic-garbage-collector  --[READ_SECRET]-->  ServiceAccount kube-system/helm-traefik-crd  --[HOLDS_ADMIN]-->  CLUSTER-ADMIN
232,serviceaccount::kube-system::local-path-provisioner-service-account,4,4,2.0,ServiceAccount kube-system/local-path-provisioner-service-account  --[CREATE_WORKLOAD]-->  ServiceAccount kube-system/bootstrap-signer  --[READ_SECRET]-->  ServiceAccount kube-system/namespace-controller  --[READ_SECRET]-->  ServiceAccount kube-system/helm-traefik  --[HOLDS_ADMIN]-->  CLUSTER-ADMIN
233,serviceaccount::kube-system::local-path-provisioner-service-account,4,4,2.0,ServiceAccount kube-system/local-path-provisioner-service-account  --[CREATE_WORKLOAD]-->  ServiceAccount kube-system/bootstrap-signer  --[READ_SECRET]-->  ServiceAccount kube-system/namespace-controller  --[READ_SECRET]-->  ServiceAccount kube-system/helm-traefik-crd  --[HOLDS_ADMIN]-->  CLUSTER-ADMIN
234,serviceaccount::kube-system::local-path-provisioner-service-account,4,4,2.0,ServiceAccount kube-system/local-path-provisioner-service-account  --[CREATE_WORKLOAD]-->  ServiceAccount kube-system/bootstrap-signer  --[READ_SECRET]-->  ServiceAccount kube-system/resourcequota-controller  --[READ_SECRET]-->  ServiceAccount kube-system/helm-traefik  --[HOLDS_ADMIN]-->  CLUSTER-ADMIN
235,serviceaccount::kube-system::local-path-provisioner-service-account,4,4,2.0,ServiceAccount kube-system/local-path-provisioner-service-account  --[CREATE_WORKLOAD]-->  ServiceAccount kube-system/bootstrap-signer  --[READ_SECRET]-->  ServiceAccount kube-system/resourcequota-controller  --[READ_SECRET]-->  ServiceAccount kube-system/helm-traefik-crd  --[HOLDS_ADMIN]-->  CLUSTER-ADMIN
236,serviceaccount::kube-system::local-path-provisioner-service-account,4,4,2.0,ServiceAccount kube-system/local-path-provisioner-service-account  --[CREATE_WORKLOAD]-->  ServiceAccount kube-system/bootstrap-signer  --[READ_SECRET]-->  ServiceAccount kube-system/token-cleaner  --[READ_SECRET]-->  ServiceAccount kube-system/helm-traefik  --[HOLDS_ADMIN]-->  CLUSTER-ADMIN
237,serviceaccount::kube-system::local-path-provisioner-service-account,4,4,2.0,ServiceAccount kube-system/local-path-provisioner-service-account  --[CREATE_WORKLOAD]-->  ServiceAccount kube-system/bootstrap-signer  --[READ_SECRET]-->  ServiceAccount kube-system/token-cleaner  --[READ_SECRET]-->  ServiceAccount kube-system/helm-traefik-crd  --[HOLDS_ADMIN]-->  CLUSTER-ADMIN
238,serviceaccount::kube-system::local-path-provisioner-service-account,4,4,2.0,ServiceAccount kube-system/local-path-provisioner-service-account  --[CREATE_WORKLOAD]-->  ServiceAccount kube-system/bootstrap-signer  --[READ_SECRET]-->  ServiceAccount kube-system/traefik  --[READ_SECRET]-->  ServiceAccount kube-system/helm-traefik  --[HOLDS_ADMIN]-->  CLUSTER-ADMIN
239,serviceaccount::kube-system::local-path-provisioner-service-account,4,4,2.0,ServiceAccount kube-system/local-path-provisioner-service-account  --[CREATE_WORKLOAD]-->  ServiceAccount kube-system/bootstrap-signer  --[READ_SECRET]-->  ServiceAccount kube-system/traefik  --[READ_SECRET]-->  ServiceAccount kube-system/helm-traefik-crd  --[HOLDS_ADMIN]-->  CLUSTER-ADMIN
240,serviceaccount::kube-system::local-path-provisioner-service-account,4,4,2.0,ServiceAccount kube-system/local-path-provisioner-service-account  --[CREATE_WORKLOAD]-->  ServiceAccount kube-system/generic-garbage-collector  --[READ_SECRET]-->  ServiceAccount kube-system/bootstrap-signer  --[READ_SECRET]-->  ServiceAccount kube-system/helm-traefik  --[HOLDS_ADMIN]-->  CLUSTER-ADMIN
241,serviceaccount::kube-system::local-path-provisioner-service-account,4,4,2.0,ServiceAccount kube-system/local-path-provisioner-service-account  --[CREATE_WORKLOAD]-->  ServiceAccount kube-system/generic-garbage-collector  --[READ_SECRET]-->  ServiceAccount kube-system/bootstrap-signer  --[READ_SECRET]-->  ServiceAccount kube-system/helm-traefik-crd  --[HOLDS_ADMIN]-->  CLUSTER-ADMIN
242,serviceaccount::kube-system::local-path-provisioner-service-account,4,4,2.0,ServiceAccount kube-system/local-path-provisioner-service-account  --[CREATE_WORKLOAD]-->  ServiceAccount kube-system/generic-garbage-collector  --[READ_SECRET]-->  ServiceAccount kube-system/namespace-controller  --[READ_SECRET]-->  ServiceAccount kube-system/helm-traefik  --[HOLDS_ADMIN]-->  CLUSTER-ADMIN
243,serviceaccount::kube-system::local-path-provisioner-service-account,4,4,2.0,ServiceAccount kube-system/local-path-provisioner-service-account  --[CREATE_WORKLOAD]-->  ServiceAccount kube-system/generic-garbage-collector  --[READ_SECRET]-->  ServiceAccount kube-system/namespace-controller  --[READ_SECRET]-->  ServiceAccount kube-system/helm-traefik-crd  --[HOLDS_ADMIN]-->  CLUSTER-ADMIN
244,serviceaccount::kube-system::local-path-provisioner-service-account,4,4,2.0,ServiceAccount kube-system/local-path-provisioner-service-account  --[CREATE_WORKLOAD]-->  ServiceAccount kube-system/generic-garbage-collector  --[READ_SECRET]-->  ServiceAccount kube-system/resourcequota-controller  --[READ_SECRET]-->  ServiceAccount kube-system/helm-traefik  --[HOLDS_ADMIN]-->  CLUSTER-ADMIN
245,serviceaccount::kube-system::local-path-provisioner-service-account,4,4,2.0,ServiceAccount kube-system/local-path-provisioner-service-account  --[CREATE_WORKLOAD]-->  ServiceAccount kube-system/generic-garbage-collector  --[READ_SECRET]-->  ServiceAccount kube-system/resourcequota-controller  --[READ_SECRET]-->  ServiceAccount kube-system/helm-traefik-crd  --[HOLDS_ADMIN]-->  CLUSTER-ADMIN
246,serviceaccount::kube-system::local-path-provisioner-service-account,4,4,2.0,ServiceAccount kube-system/local-path-provisioner-service-account  --[CREATE_WORKLOAD]-->  ServiceAccount kube-system/generic-garbage-collector  --[READ_SECRET]-->  ServiceAccount kube-system/token-cleaner  --[READ_SECRET]-->  ServiceAccount kube-system/helm-traefik  --[HOLDS_ADMIN]-->  CLUSTER-ADMIN
247,serviceaccount::kube-system::local-path-provisioner-service-account,4,4,2.0,ServiceAccount kube-system/local-path-provisioner-service-account  --[CREATE_WORKLOAD]-->  ServiceAccount kube-system/generic-garbage-collector  --[READ_SECRET]-->  ServiceAccount kube-system/token-cleaner  --[READ_SECRET]-->  ServiceAccount kube-system/helm-traefik-crd  --[HOLDS_ADMIN]-->  CLUSTER-ADMIN
248,serviceaccount::kube-system::local-path-provisioner-service-account,4,4,2.0,ServiceAccount kube-system/local-path-provisioner-service-account  --[CREATE_WORKLOAD]-->  ServiceAccount kube-system/generic-garbage-collector  --[READ_SECRET]-->  ServiceAccount kube-system/traefik  --[READ_SECRET]-->  ServiceAccount kube-system/helm-traefik  --[HOLDS_ADMIN]-->  CLUSTER-ADMIN
249,serviceaccount::kube-system::local-path-provisioner-service-account,4,4,2.0,ServiceAccount kube-system/local-path-provisioner-service-account  --[CREATE_WORKLOAD]-->  ServiceAccount kube-system/generic-garbage-collector  --[READ_SECRET]-->  ServiceAccount kube-system/traefik  --[READ_SECRET]-->  ServiceAccount kube-system/helm-traefik-crd  --[HOLDS_ADMIN]-->  CLUSTER-ADMIN
250,serviceaccount::kube-system::local-path-provisioner-service-account,4,4,2.0,ServiceAccount kube-system/local-path-provisioner-service-account  --[CREATE_WORKLOAD]-->  ServiceAccount kube-system/namespace-controller  --[READ_SECRET]-->  ServiceAccount kube-system/bootstrap-signer  --[READ_SECRET]-->  ServiceAccount kube-system/helm-traefik  --[HOLDS_ADMIN]-->  CLUSTER-ADMIN
251,serviceaccount::kube-system::local-path-provisioner-service-account,4,4,2.0,ServiceAccount kube-system/local-path-provisioner-service-account  --[CREATE_WORKLOAD]-->  ServiceAccount kube-system/namespace-controller  --[READ_SECRET]-->  ServiceAccount kube-system/bootstrap-signer  --[READ_SECRET]-->  ServiceAccount kube-system/helm-traefik-crd  --[HOLDS_ADMIN]-->  CLUSTER-ADMIN
252,serviceaccount::kube-system::local-path-provisioner-service-account,4,4,2.0,ServiceAccount kube-system/local-path-provisioner-service-account  --[CREATE_WORKLOAD]-->  ServiceAccount kube-system/namespace-controller  --[READ_SECRET]-->  ServiceAccount kube-system/generic-garbage-collector  --[READ_SECRET]-->  ServiceAccount kube-system/helm-traefik  --[HOLDS_ADMIN]-->  CLUSTER-ADMIN
253,serviceaccount::kube-system::local-path-provisioner-service-account,4,4,2.0,ServiceAccount kube-system/local-path-provisioner-service-account  --[CREATE_WORKLOAD]-->  ServiceAccount kube-system/namespace-controller  --[READ_SECRET]-->  ServiceAccount kube-system/generic-garbage-collector  --[READ_SECRET]-->  ServiceAccount kube-system/helm-traefik-crd  --[HOLDS_ADMIN]-->  CLUSTER-ADMIN
254,serviceaccount::kube-system::local-path-provisioner-service-account,4,4,2.0,ServiceAccount kube-system/local-path-provisioner-service-account  --[CREATE_WORKLOAD]-->  ServiceAccount kube-system/namespace-controller  --[READ_SECRET]-->  ServiceAccount kube-system/resourcequota-controller  --[READ_SECRET]-->  ServiceAccount kube-system/helm-traefik  --[HOLDS_ADMIN]-->  CLUSTER-ADMIN
255,serviceaccount::kube-system::local-path-provisioner-service-account,4,4,2.0,ServiceAccount kube-system/local-path-provisioner-service-account  --[CREATE_WORKLOAD]-->  ServiceAccount kube-system/namespace-controller  --[READ_SECRET]-->  ServiceAccount kube-system/resourcequota-controller  --[READ_SECRET]-->  ServiceAccount kube-system/helm-traefik-crd  --[HOLDS_ADMIN]-->  CLUSTER-ADMIN
256,serviceaccount::kube-system::local-path-provisioner-service-account,4,4,2.0,ServiceAccount kube-system/local-path-provisioner-service-account  --[CREATE_WORKLOAD]-->  ServiceAccount kube-system/namespace-controller  --[READ_SECRET]-->  ServiceAccount kube-system/token-cleaner  --[READ_SECRET]-->  ServiceAccount kube-system/helm-traefik  --[HOLDS_ADMIN]-->  CLUSTER-ADMIN
257,serviceaccount::kube-system::local-path-provisioner-service-account,4,4,2.0,ServiceAccount kube-system/local-path-provisioner-service-account  --[CREATE_WORKLOAD]-->  ServiceAccount kube-system/namespace-controller  --[READ_SECRET]-->  ServiceAccount kube-system/token-cleaner  --[READ_SECRET]-->  ServiceAccount kube-system/helm-traefik-crd  --[HOLDS_ADMIN]-->  CLUSTER-ADMIN
258,serviceaccount::kube-system::local-path-provisioner-service-account,4,4,2.0,ServiceAccount kube-system/local-path-provisioner-service-account  --[CREATE_WORKLOAD]-->  ServiceAccount kube-system/namespace-controller  --[READ_SECRET]-->  ServiceAccount kube-system/traefik  --[READ_SECRET]-->  ServiceAccount kube-system/helm-traefik  --[HOLDS_ADMIN]-->  CLUSTER-ADMIN
259,serviceaccount::kube-system::local-path-provisioner-service-account,4,4,2.0,ServiceAccount kube-system/local-path-provisioner-service-account  --[CREATE_WORKLOAD]-->  ServiceAccount kube-system/namespace-controller  --[READ_SECRET]-->  ServiceAccount kube-system/traefik  --[READ_SECRET]-->  ServiceAccount kube-system/helm-traefik-crd  --[HOLDS_ADMIN]-->  CLUSTER-ADMIN
260,serviceaccount::kube-system::local-path-provisioner-service-account,4,4,2.0,ServiceAccount kube-system/local-path-provisioner-service-account  --[CREATE_WORKLOAD]-->  ServiceAccount kube-system/resourcequota-controller  --[READ_SECRET]-->  ServiceAccount kube-system/bootstrap-signer  --[READ_SECRET]-->  ServiceAccount kube-system/helm-traefik  --[HOLDS_ADMIN]-->  CLUSTER-ADMIN
261,serviceaccount::kube-system::local-path-provisioner-service-account,4,4,2.0,ServiceAccount kube-system/local-path-provisioner-service-account  --[CREATE_WORKLOAD]-->  ServiceAccount kube-system/resourcequota-controller  --[READ_SECRET]-->  ServiceAccount kube-system/bootstrap-signer  --[READ_SECRET]-->  ServiceAccount kube-system/helm-traefik-crd  --[HOLDS_ADMIN]-->  CLUSTER-ADMIN
262,serviceaccount::kube-system::local-path-provisioner-service-account,4,4,2.0,ServiceAccount kube-system/local-path-provisioner-service-account  --[CREATE_WORKLOAD]-->  ServiceAccount kube-system/resourcequota-controller  --[READ_SECRET]-->  ServiceAccount kube-system/generic-garbage-collector  --[READ_SECRET]-->  ServiceAccount kube-system/helm-traefik  --[HOLDS_ADMIN]-->  CLUSTER-ADMIN
263,serviceaccount::kube-system::local-path-provisioner-service-account,4,4,2.0,ServiceAccount kube-system/local-path-provisioner-service-account  --[CREATE_WORKLOAD]-->  ServiceAccount kube-system/resourcequota-controller  --[READ_SECRET]-->  ServiceAccount kube-system/generic-garbage-collector  --[READ_SECRET]-->  ServiceAccount kube-system/helm-traefik-crd  --[HOLDS_ADMIN]-->  CLUSTER-ADMIN
264,serviceaccount::kube-system::local-path-provisioner-service-account,4,4,2.0,ServiceAccount kube-system/local-path-provisioner-service-account  --[CREATE_WORKLOAD]-->  ServiceAccount kube-system/resourcequota-controller  --[READ_SECRET]-->  ServiceAccount kube-system/namespace-controller  --[READ_SECRET]-->  ServiceAccount kube-system/helm-traefik  --[HOLDS_ADMIN]-->  CLUSTER-ADMIN
265,serviceaccount::kube-system::local-path-provisioner-service-account,4,4,2.0,ServiceAccount kube-system/local-path-provisioner-service-account  --[CREATE_WORKLOAD]-->  ServiceAccount kube-system/resourcequota-controller  --[READ_SECRET]-->  ServiceAccount kube-system/namespace-controller  --[READ_SECRET]-->  ServiceAccount kube-system/helm-traefik-crd  --[HOLDS_ADMIN]-->  CLUSTER-ADMIN
266,serviceaccount::kube-system::local-path-provisioner-service-account,4,4,2.0,ServiceAccount kube-system/local-path-provisioner-service-account  --[CREATE_WORKLOAD]-->  ServiceAccount kube-system/resourcequota-controller  --[READ_SECRET]-->  ServiceAccount kube-system/token-cleaner  --[READ_SECRET]-->  ServiceAccount kube-system/helm-traefik  --[HOLDS_ADMIN]-->  CLUSTER-ADMIN
267,serviceaccount::kube-system::local-path-provisioner-service-account,4,4,2.0,ServiceAccount kube-system/local-path-provisioner-service-account  --[CREATE_WORKLOAD]-->  ServiceAccount kube-system/resourcequota-controller  --[READ_SECRET]-->  ServiceAccount kube-system/token-cleaner  --[READ_SECRET]-->  ServiceAccount kube-system/helm-traefik-crd  --[HOLDS_ADMIN]-->  CLUSTER-ADMIN
268,serviceaccount::kube-system::local-path-provisioner-service-account,4,4,2.0,ServiceAccount kube-system/local-path-provisioner-service-account  --[CREATE_WORKLOAD]-->  ServiceAccount kube-system/resourcequota-controller  --[READ_SECRET]-->  ServiceAccount kube-system/traefik  --[READ_SECRET]-->  ServiceAccount kube-system/helm-traefik  --[HOLDS_ADMIN]-->  CLUSTER-ADMIN
269,serviceaccount::kube-system::local-path-provisioner-service-account,4,4,2.0,ServiceAccount kube-system/local-path-provisioner-service-account  --[CREATE_WORKLOAD]-->  ServiceAccount kube-system/resourcequota-controller  --[READ_SECRET]-->  ServiceAccount kube-system/traefik  --[READ_SECRET]-->  ServiceAccount kube-system/helm-traefik-crd  --[HOLDS_ADMIN]-->  CLUSTER-ADMIN
270,serviceaccount::kube-system::local-path-provisioner-service-account,4,4,2.0,ServiceAccount kube-system/local-path-provisioner-service-account  --[CREATE_WORKLOAD]-->  ServiceAccount kube-system/token-cleaner  --[READ_SECRET]-->  ServiceAccount kube-system/bootstrap-signer  --[READ_SECRET]-->  ServiceAccount kube-system/helm-traefik  --[HOLDS_ADMIN]-->  CLUSTER-ADMIN
271,serviceaccount::kube-system::local-path-provisioner-service-account,4,4,2.0,ServiceAccount kube-system/local-path-provisioner-service-account  --[CREATE_WORKLOAD]-->  ServiceAccount kube-system/token-cleaner  --[READ_SECRET]-->  ServiceAccount kube-system/bootstrap-signer  --[READ_SECRET]-->  ServiceAccount kube-system/helm-traefik-crd  --[HOLDS_ADMIN]-->  CLUSTER-ADMIN
272,serviceaccount::kube-system::local-path-provisioner-service-account,4,4,2.0,ServiceAccount kube-system/local-path-provisioner-service-account  --[CREATE_WORKLOAD]-->  ServiceAccount kube-system/token-cleaner  --[READ_SECRET]-->  ServiceAccount kube-system/generic-garbage-collector  --[READ_SECRET]-->  ServiceAccount kube-system/helm-traefik  --[HOLDS_ADMIN]-->  CLUSTER-ADMIN
273,serviceaccount::kube-system::local-path-provisioner-service-account,4,4,2.0,ServiceAccount kube-system/local-path-provisioner-service-account  --[CREATE_WORKLOAD]-->  ServiceAccount kube-system/token-cleaner  --[READ_SECRET]-->  ServiceAccount kube-system/generic-garbage-collector  --[READ_SECRET]-->  ServiceAccount kube-system/helm-traefik-crd  --[HOLDS_ADMIN]-->  CLUSTER-ADMIN
274,serviceaccount::kube-system::local-path-provisioner-service-account,4,4,2.0,ServiceAccount kube-system/local-path-provisioner-service-account  --[CREATE_WORKLOAD]-->  ServiceAccount kube-system/token-cleaner  --[READ_SECRET]-->  ServiceAccount kube-system/namespace-controller  --[READ_SECRET]-->  ServiceAccount kube-system/helm-traefik  --[HOLDS_ADMIN]-->  CLUSTER-ADMIN
275,serviceaccount::kube-system::local-path-provisioner-service-account,4,4,2.0,ServiceAccount kube-system/local-path-provisioner-service-account  --[CREATE_WORKLOAD]-->  ServiceAccount kube-system/token-cleaner  --[READ_SECRET]-->  ServiceAccount kube-system/namespace-controller  --[READ_SECRET]-->  ServiceAccount kube-system/helm-traefik-crd  --[HOLDS_ADMIN]-->  CLUSTER-ADMIN
276,serviceaccount::kube-system::local-path-provisioner-service-account,4,4,2.0,ServiceAccount kube-system/local-path-provisioner-service-account  --[CREATE_WORKLOAD]-->  ServiceAccount kube-system/token-cleaner  --[READ_SECRET]-->  ServiceAccount kube-system/resourcequota-controller  --[READ_SECRET]-->  ServiceAccount kube-system/helm-traefik  --[HOLDS_ADMIN]-->  CLUSTER-ADMIN
277,serviceaccount::kube-system::local-path-provisioner-service-account,4,4,2.0,ServiceAccount kube-system/local-path-provisioner-service-account  --[CREATE_WORKLOAD]-->  ServiceAccount kube-system/token-cleaner  --[READ_SECRET]-->  ServiceAccount kube-system/resourcequota-controller  --[READ_SECRET]-->  ServiceAccount kube-system/helm-traefik-crd  --[HOLDS_ADMIN]-->  CLUSTER-ADMIN
278,serviceaccount::kube-system::local-path-provisioner-service-account,4,4,2.0,ServiceAccount kube-system/local-path-provisioner-service-account  --[CREATE_WORKLOAD]-->  ServiceAccount kube-system/token-cleaner  --[READ_SECRET]-->  ServiceAccount kube-system/traefik  --[READ_SECRET]-->  ServiceAccount kube-system/helm-traefik  --[HOLDS_ADMIN]-->  CLUSTER-ADMIN
279,serviceaccount::kube-system::local-path-provisioner-service-account,4,4,2.0,ServiceAccount kube-system/local-path-provisioner-service-account  --[CREATE_WORKLOAD]-->  ServiceAccount kube-system/token-cleaner  --[READ_SECRET]-->  ServiceAccount kube-system/traefik  --[READ_SECRET]-->  ServiceAccount kube-system/helm-traefik-crd  --[HOLDS_ADMIN]-->  CLUSTER-ADMIN
280,serviceaccount::kube-system::local-path-provisioner-service-account,4,4,2.0,ServiceAccount kube-system/local-path-provisioner-service-account  --[CREATE_WORKLOAD]-->  ServiceAccount kube-system/traefik  --[READ_SECRET]-->  ServiceAccount kube-system/bootstrap-signer  --[READ_SECRET]-->  ServiceAccount kube-system/helm-traefik  --[HOLDS_ADMIN]-->  CLUSTER-ADMIN
281,serviceaccount::kube-system::local-path-provisioner-service-account,4,4,2.0,ServiceAccount kube-system/local-path-provisioner-service-account  --[CREATE_WORKLOAD]-->  ServiceAccount kube-system/traefik  --[READ_SECRET]-->  ServiceAccount kube-system/bootstrap-signer  --[READ_SECRET]-->  ServiceAccount kube-system/helm-traefik-crd  --[HOLDS_ADMIN]-->  CLUSTER-ADMIN
282,serviceaccount::kube-system::local-path-provisioner-service-account,4,4,2.0,ServiceAccount kube-system/local-path-provisioner-service-account  --[CREATE_WORKLOAD]-->  ServiceAccount kube-system/traefik  --[READ_SECRET]-->  ServiceAccount kube-system/generic-garbage-collector  --[READ_SECRET]-->  ServiceAccount kube-system/helm-traefik  --[HOLDS_ADMIN]-->  CLUSTER-ADMIN
283,serviceaccount::kube-system::local-path-provisioner-service-account,4,4,2.0,ServiceAccount kube-system/local-path-provisioner-service-account  --[CREATE_WORKLOAD]-->  ServiceAccount kube-system/traefik  --[READ_SECRET]-->  ServiceAccount kube-system/generic-garbage-collector  --[READ_SECRET]-->  ServiceAccount kube-system/helm-traefik-crd  --[HOLDS_ADMIN]-->  CLUSTER-ADMIN
284,serviceaccount::kube-system::local-path-provisioner-service-account,4,4,2.0,ServiceAccount kube-system/local-path-provisioner-service-account  --[CREATE_WORKLOAD]-->  ServiceAccount kube-system/traefik  --[READ_SECRET]-->  ServiceAccount kube-system/namespace-controller  --[READ_SECRET]-->  ServiceAccount kube-system/helm-traefik  --[HOLDS_ADMIN]-->  CLUSTER-ADMIN
285,serviceaccount::kube-system::local-path-provisioner-service-account,4,4,2.0,ServiceAccount kube-system/local-path-provisioner-service-account  --[CREATE_WORKLOAD]-->  ServiceAccount kube-system/traefik  --[READ_SECRET]-->  ServiceAccount kube-system/namespace-controller  --[READ_SECRET]-->  ServiceAccount kube-system/helm-traefik-crd  --[HOLDS_ADMIN]-->  CLUSTER-ADMIN
286,serviceaccount::kube-system::local-path-provisioner-service-account,4,4,2.0,ServiceAccount kube-system/local-path-provisioner-service-account  --[CREATE_WORKLOAD]-->  ServiceAccount kube-system/traefik  --[READ_SECRET]-->  ServiceAccount kube-system/resourcequota-controller  --[READ_SECRET]-->  ServiceAccount kube-system/helm-traefik  --[HOLDS_ADMIN]-->  CLUSTER-ADMIN
287,serviceaccount::kube-system::local-path-provisioner-service-account,4,4,2.0,ServiceAccount kube-system/local-path-provisioner-service-account  --[CREATE_WORKLOAD]-->  ServiceAccount kube-system/traefik  --[READ_SECRET]-->  ServiceAccount kube-system/resourcequota-controller  --[READ_SECRET]-->  ServiceAccount kube-system/helm-traefik-crd  --[HOLDS_ADMIN]-->  CLUSTER-ADMIN
288,serviceaccount::kube-system::local-path-provisioner-service-account,4,4,2.0,ServiceAccount kube-system/local-path-provisioner-service-account  --[CREATE_WORKLOAD]-->  ServiceAccount kube-system/traefik  --[READ_SECRET]-->  ServiceAccount kube-system/token-cleaner  --[READ_SECRET]-->  ServiceAccount kube-system/helm-traefik  --[HOLDS_ADMIN]-->  CLUSTER-ADMIN
289,serviceaccount::kube-system::local-path-provisioner-service-account,4,4,2.0,ServiceAccount kube-system/local-path-provisioner-service-account  --[CREATE_WORKLOAD]-->  ServiceAccount kube-system/traefik  --[READ_SECRET]-->  ServiceAccount kube-system/token-cleaner  --[READ_SECRET]-->  ServiceAccount kube-system/helm-traefik-crd  --[HOLDS_ADMIN]-->  CLUSTER-ADMIN
290,serviceaccount::kube-system::traefik,4,4,2.0,ServiceAccount kube-system/traefik  --[READ_SECRET]-->  ServiceAccount kube-system/bootstrap-signer  --[READ_SECRET]-->  ServiceAccount kube-system/cronjob-controller  --[CREATE_WORKLOAD]-->  ServiceAccount kube-system/helm-traefik  --[HOLDS_ADMIN]-->  CLUSTER-ADMIN
291,serviceaccount::kube-system::traefik,4,4,2.0,ServiceAccount kube-system/traefik  --[READ_SECRET]-->  ServiceAccount kube-system/bootstrap-signer  --[READ_SECRET]-->  ServiceAccount kube-system/cronjob-controller  --[CREATE_WORKLOAD]-->  ServiceAccount kube-system/helm-traefik-crd  --[HOLDS_ADMIN]-->  CLUSTER-ADMIN
292,serviceaccount::kube-system::traefik,4,4,2.0,ServiceAccount kube-system/traefik  --[READ_SECRET]-->  ServiceAccount kube-system/bootstrap-signer  --[READ_SECRET]-->  ServiceAccount kube-system/daemon-set-controller  --[CREATE_WORKLOAD]-->  ServiceAccount kube-system/helm-traefik  --[HOLDS_ADMIN]-->  CLUSTER-ADMIN
293,serviceaccount::kube-system::traefik,4,4,2.0,ServiceAccount kube-system/traefik  --[READ_SECRET]-->  ServiceAccount kube-system/bootstrap-signer  --[READ_SECRET]-->  ServiceAccount kube-system/daemon-set-controller  --[CREATE_WORKLOAD]-->  ServiceAccount kube-system/helm-traefik-crd  --[HOLDS_ADMIN]-->  CLUSTER-ADMIN
294,serviceaccount::kube-system::traefik,4,4,2.0,ServiceAccount kube-system/traefik  --[READ_SECRET]-->  ServiceAccount kube-system/bootstrap-signer  --[READ_SECRET]-->  ServiceAccount kube-system/deployment-controller  --[CREATE_WORKLOAD]-->  ServiceAccount kube-system/helm-traefik  --[HOLDS_ADMIN]-->  CLUSTER-ADMIN
295,serviceaccount::kube-system::traefik,4,4,2.0,ServiceAccount kube-system/traefik  --[READ_SECRET]-->  ServiceAccount kube-system/bootstrap-signer  --[READ_SECRET]-->  ServiceAccount kube-system/deployment-controller  --[CREATE_WORKLOAD]-->  ServiceAccount kube-system/helm-traefik-crd  --[HOLDS_ADMIN]-->  CLUSTER-ADMIN
296,serviceaccount::kube-system::traefik,4,4,2.0,ServiceAccount kube-system/traefik  --[READ_SECRET]-->  ServiceAccount kube-system/bootstrap-signer  --[READ_SECRET]-->  ServiceAccount kube-system/generic-garbage-collector  --[READ_SECRET]-->  ServiceAccount kube-system/clusterrole-aggregation-controller  --[ESCALATE_ROLE]-->  CLUSTER-ADMIN
297,serviceaccount::kube-system::traefik,4,4,2.0,ServiceAccount kube-system/traefik  --[READ_SECRET]-->  ServiceAccount kube-system/bootstrap-signer  --[READ_SECRET]-->  ServiceAccount kube-system/job-controller  --[CREATE_WORKLOAD]-->  ServiceAccount kube-system/helm-traefik  --[HOLDS_ADMIN]-->  CLUSTER-ADMIN
298,serviceaccount::kube-system::traefik,4,4,2.0,ServiceAccount kube-system/traefik  --[READ_SECRET]-->  ServiceAccount kube-system/bootstrap-signer  --[READ_SECRET]-->  ServiceAccount kube-system/job-controller  --[CREATE_WORKLOAD]-->  ServiceAccount kube-system/helm-traefik-crd  --[HOLDS_ADMIN]-->  CLUSTER-ADMIN
299,serviceaccount::kube-system::traefik,4,4,2.0,ServiceAccount kube-system/traefik  --[READ_SECRET]-->  ServiceAccount kube-system/bootstrap-signer  --[READ_SECRET]-->  ServiceAccount kube-system/local-path-provisioner-service-account  --[CREATE_WORKLOAD]-->  ServiceAccount kube-system/helm-traefik  --[HOLDS_ADMIN]-->  CLUSTER-ADMIN
300,serviceaccount::kube-system::traefik,4,4,2.0,ServiceAccount kube-system/traefik  --[READ_SECRET]-->  ServiceAccount kube-system/bootstrap-signer  --[READ_SECRET]-->  ServiceAccount kube-system/local-path-provisioner-service-account  --[CREATE_WORKLOAD]-->  ServiceAccount kube-system/helm-traefik-crd  --[HOLDS_ADMIN]-->  CLUSTER-ADMIN
301,serviceaccount::kube-system::traefik,4,4,2.0,ServiceAccount kube-system/traefik  --[READ_SECRET]-->  ServiceAccount kube-system/bootstrap-signer  --[READ_SECRET]-->  ServiceAccount kube-system/namespace-controller  --[READ_SECRET]-->  ServiceAccount kube-system/clusterrole-aggregation-controller  --[ESCALATE_ROLE]-->  CLUSTER-ADMIN
302,serviceaccount::kube-system::traefik,4,4,2.0,ServiceAccount kube-system/traefik  --[READ_SECRET]-->  ServiceAccount kube-system/bootstrap-signer  --[READ_SECRET]-->  ServiceAccount kube-system/persistent-volume-binder  --[CREATE_WORKLOAD]-->  ServiceAccount kube-system/helm-traefik  --[HOLDS_ADMIN]-->  CLUSTER-ADMIN
303,serviceaccount::kube-system::traefik,4,4,2.0,ServiceAccount kube-system/traefik  --[READ_SECRET]-->  ServiceAccount kube-system/bootstrap-signer  --[READ_SECRET]-->  ServiceAccount kube-system/persistent-volume-binder  --[CREATE_WORKLOAD]-->  ServiceAccount kube-system/helm-traefik-crd  --[HOLDS_ADMIN]-->  CLUSTER-ADMIN
304,serviceaccount::kube-system::traefik,4,4,2.0,ServiceAccount kube-system/traefik  --[READ_SECRET]-->  ServiceAccount kube-system/bootstrap-signer  --[READ_SECRET]-->  ServiceAccount kube-system/replicaset-controller  --[CREATE_WORKLOAD]-->  ServiceAccount kube-system/helm-traefik  --[HOLDS_ADMIN]-->  CLUSTER-ADMIN
305,serviceaccount::kube-system::traefik,4,4,2.0,ServiceAccount kube-system/traefik  --[READ_SECRET]-->  ServiceAccount kube-system/bootstrap-signer  --[READ_SECRET]-->  ServiceAccount kube-system/replicaset-controller  --[CREATE_WORKLOAD]-->  ServiceAccount kube-system/helm-traefik-crd  --[HOLDS_ADMIN]-->  CLUSTER-ADMIN
306,serviceaccount::kube-system::traefik,4,4,2.0,ServiceAccount kube-system/traefik  --[READ_SECRET]-->  ServiceAccount kube-system/bootstrap-signer  --[READ_SECRET]-->  ServiceAccount kube-system/replication-controller  --[CREATE_WORKLOAD]-->  ServiceAccount kube-system/helm-traefik  --[HOLDS_ADMIN]-->  CLUSTER-ADMIN
307,serviceaccount::kube-system::traefik,4,4,2.0,ServiceAccount kube-system/traefik  --[READ_SECRET]-->  ServiceAccount kube-system/bootstrap-signer  --[READ_SECRET]-->  ServiceAccount kube-system/replication-controller  --[CREATE_WORKLOAD]-->  ServiceAccount kube-system/helm-traefik-crd  --[HOLDS_ADMIN]-->  CLUSTER-ADMIN
308,serviceaccount::kube-system::traefik,4,4,2.0,ServiceAccount kube-system/traefik  --[READ_SECRET]-->  ServiceAccount kube-system/bootstrap-signer  --[READ_SECRET]-->  ServiceAccount kube-system/resourcequota-controller  --[READ_SECRET]-->  ServiceAccount kube-system/clusterrole-aggregation-controller  --[ESCALATE_ROLE]-->  CLUSTER-ADMIN
309,serviceaccount::kube-system::traefik,4,4,2.0,ServiceAccount kube-system/traefik  --[READ_SECRET]-->  ServiceAccount kube-system/bootstrap-signer  --[READ_SECRET]-->  ServiceAccount kube-system/statefulset-controller  --[CREATE_WORKLOAD]-->  ServiceAccount kube-system/helm-traefik  --[HOLDS_ADMIN]-->  CLUSTER-ADMIN
310,serviceaccount::kube-system::traefik,4,4,2.0,ServiceAccount kube-system/traefik  --[READ_SECRET]-->  ServiceAccount kube-system/bootstrap-signer  --[READ_SECRET]-->  ServiceAccount kube-system/statefulset-controller  --[CREATE_WORKLOAD]-->  ServiceAccount kube-system/helm-traefik-crd  --[HOLDS_ADMIN]-->  CLUSTER-ADMIN
311,serviceaccount::kube-system::traefik,4,4,2.0,ServiceAccount kube-system/traefik  --[READ_SECRET]-->  ServiceAccount kube-system/bootstrap-signer  --[READ_SECRET]-->  ServiceAccount kube-system/token-cleaner  --[READ_SECRET]-->  ServiceAccount kube-system/clusterrole-aggregation-controller  --[ESCALATE_ROLE]-->  CLUSTER-ADMIN
312,serviceaccount::kube-system::traefik,4,4,2.0,ServiceAccount kube-system/traefik  --[READ_SECRET]-->  ServiceAccount kube-system/cronjob-controller  --[CREATE_WORKLOAD]-->  ServiceAccount kube-system/bootstrap-signer  --[READ_SECRET]-->  ServiceAccount kube-system/helm-traefik  --[HOLDS_ADMIN]-->  CLUSTER-ADMIN
313,serviceaccount::kube-system::traefik,4,4,2.0,ServiceAccount kube-system/traefik  --[READ_SECRET]-->  ServiceAccount kube-system/cronjob-controller  --[CREATE_WORKLOAD]-->  ServiceAccount kube-system/bootstrap-signer  --[READ_SECRET]-->  ServiceAccount kube-system/helm-traefik-crd  --[HOLDS_ADMIN]-->  CLUSTER-ADMIN
314,serviceaccount::kube-system::traefik,4,4,2.0,ServiceAccount kube-system/traefik  --[READ_SECRET]-->  ServiceAccount kube-system/cronjob-controller  --[CREATE_WORKLOAD]-->  ServiceAccount kube-system/generic-garbage-collector  --[READ_SECRET]-->  ServiceAccount kube-system/helm-traefik  --[HOLDS_ADMIN]-->  CLUSTER-ADMIN
315,serviceaccount::kube-system::traefik,4,4,2.0,ServiceAccount kube-system/traefik  --[READ_SECRET]-->  ServiceAccount kube-system/cronjob-controller  --[CREATE_WORKLOAD]-->  ServiceAccount kube-system/generic-garbage-collector  --[READ_SECRET]-->  ServiceAccount kube-system/helm-traefik-crd  --[HOLDS_ADMIN]-->  CLUSTER-ADMIN
316,serviceaccount::kube-system::traefik,4,4,2.0,ServiceAccount kube-system/traefik  --[READ_SECRET]-->  ServiceAccount kube-system/cronjob-controller  --[CREATE_WORKLOAD]-->  ServiceAccount kube-system/namespace-controller  --[READ_SECRET]-->  ServiceAccount kube-system/helm-traefik  --[HOLDS_ADMIN]-->  CLUSTER-ADMIN
317,serviceaccount::kube-system::traefik,4,4,2.0,ServiceAccount kube-system/traefik  --[READ_SECRET]-->  ServiceAccount kube-system/cronjob-controller  --[CREATE_WORKLOAD]-->  ServiceAccount kube-system/namespace-controller  --[READ_SECRET]-->  ServiceAccount kube-system/helm-traefik-crd  --[HOLDS_ADMIN]-->  CLUSTER-ADMIN
318,serviceaccount::kube-system::traefik,4,4,2.0,ServiceAccount kube-system/traefik  --[READ_SECRET]-->  ServiceAccount kube-system/cronjob-controller  --[CREATE_WORKLOAD]-->  ServiceAccount kube-system/resourcequota-controller  --[READ_SECRET]-->  ServiceAccount kube-system/helm-traefik  --[HOLDS_ADMIN]-->  CLUSTER-ADMIN
319,serviceaccount::kube-system::traefik,4,4,2.0,ServiceAccount kube-system/traefik  --[READ_SECRET]-->  ServiceAccount kube-system/cronjob-controller  --[CREATE_WORKLOAD]-->  ServiceAccount kube-system/resourcequota-controller  --[READ_SECRET]-->  ServiceAccount kube-system/helm-traefik-crd  --[HOLDS_ADMIN]-->  CLUSTER-ADMIN
320,serviceaccount::kube-system::traefik,4,4,2.0,ServiceAccount kube-system/traefik  --[READ_SECRET]-->  ServiceAccount kube-system/cronjob-controller  --[CREATE_WORKLOAD]-->  ServiceAccount kube-system/token-cleaner  --[READ_SECRET]-->  ServiceAccount kube-system/helm-traefik  --[HOLDS_ADMIN]-->  CLUSTER-ADMIN
321,serviceaccount::kube-system::traefik,4,4,2.0,ServiceAccount kube-system/traefik  --[READ_SECRET]-->  ServiceAccount kube-system/cronjob-controller  --[CREATE_WORKLOAD]-->  ServiceAccount kube-system/token-cleaner  --[READ_SECRET]-->  ServiceAccount kube-system/helm-traefik-crd  --[HOLDS_ADMIN]-->  CLUSTER-ADMIN
322,serviceaccount::kube-system::traefik,4,4,2.0,ServiceAccount kube-system/traefik  --[READ_SECRET]-->  ServiceAccount kube-system/daemon-set-controller  --[CREATE_WORKLOAD]-->  ServiceAccount kube-system/bootstrap-signer  --[READ_SECRET]-->  ServiceAccount kube-system/helm-traefik  --[HOLDS_ADMIN]-->  CLUSTER-ADMIN
323,serviceaccount::kube-system::traefik,4,4,2.0,ServiceAccount kube-system/traefik  --[READ_SECRET]-->  ServiceAccount kube-system/daemon-set-controller  --[CREATE_WORKLOAD]-->  ServiceAccount kube-system/bootstrap-signer  --[READ_SECRET]-->  ServiceAccount kube-system/helm-traefik-crd  --[HOLDS_ADMIN]-->  CLUSTER-ADMIN
324,serviceaccount::kube-system::traefik,4,4,2.0,ServiceAccount kube-system/traefik  --[READ_SECRET]-->  ServiceAccount kube-system/daemon-set-controller  --[CREATE_WORKLOAD]-->  ServiceAccount kube-system/generic-garbage-collector  --[READ_SECRET]-->  ServiceAccount kube-system/helm-traefik  --[HOLDS_ADMIN]-->  CLUSTER-ADMIN
325,serviceaccount::kube-system::traefik,4,4,2.0,ServiceAccount kube-system/traefik  --[READ_SECRET]-->  ServiceAccount kube-system/daemon-set-controller  --[CREATE_WORKLOAD]-->  ServiceAccount kube-system/generic-garbage-collector  --[READ_SECRET]-->  ServiceAccount kube-system/helm-traefik-crd  --[HOLDS_ADMIN]-->  CLUSTER-ADMIN
326,serviceaccount::kube-system::traefik,4,4,2.0,ServiceAccount kube-system/traefik  --[READ_SECRET]-->  ServiceAccount kube-system/daemon-set-controller  --[CREATE_WORKLOAD]-->  ServiceAccount kube-system/namespace-controller  --[READ_SECRET]-->  ServiceAccount kube-system/helm-traefik  --[HOLDS_ADMIN]-->  CLUSTER-ADMIN
327,serviceaccount::kube-system::traefik,4,4,2.0,ServiceAccount kube-system/traefik  --[READ_SECRET]-->  ServiceAccount kube-system/daemon-set-controller  --[CREATE_WORKLOAD]-->  ServiceAccount kube-system/namespace-controller  --[READ_SECRET]-->  ServiceAccount kube-system/helm-traefik-crd  --[HOLDS_ADMIN]-->  CLUSTER-ADMIN
328,serviceaccount::kube-system::traefik,4,4,2.0,ServiceAccount kube-system/traefik  --[READ_SECRET]-->  ServiceAccount kube-system/daemon-set-controller  --[CREATE_WORKLOAD]-->  ServiceAccount kube-system/resourcequota-controller  --[READ_SECRET]-->  ServiceAccount kube-system/helm-traefik  --[HOLDS_ADMIN]-->  CLUSTER-ADMIN
329,serviceaccount::kube-system::traefik,4,4,2.0,ServiceAccount kube-system/traefik  --[READ_SECRET]-->  ServiceAccount kube-system/daemon-set-controller  --[CREATE_WORKLOAD]-->  ServiceAccount kube-system/resourcequota-controller  --[READ_SECRET]-->  ServiceAccount kube-system/helm-traefik-crd  --[HOLDS_ADMIN]-->  CLUSTER-ADMIN
330,serviceaccount::kube-system::traefik,4,4,2.0,ServiceAccount kube-system/traefik  --[READ_SECRET]-->  ServiceAccount kube-system/daemon-set-controller  --[CREATE_WORKLOAD]-->  ServiceAccount kube-system/token-cleaner  --[READ_SECRET]-->  ServiceAccount kube-system/helm-traefik  --[HOLDS_ADMIN]-->  CLUSTER-ADMIN
331,serviceaccount::kube-system::traefik,4,4,2.0,ServiceAccount kube-system/traefik  --[READ_SECRET]-->  ServiceAccount kube-system/daemon-set-controller  --[CREATE_WORKLOAD]-->  ServiceAccount kube-system/token-cleaner  --[READ_SECRET]-->  ServiceAccount kube-system/helm-traefik-crd  --[HOLDS_ADMIN]-->  CLUSTER-ADMIN
332,serviceaccount::kube-system::traefik,4,4,2.0,ServiceAccount kube-system/traefik  --[READ_SECRET]-->  ServiceAccount kube-system/deployment-controller  --[CREATE_WORKLOAD]-->  ServiceAccount kube-system/bootstrap-signer  --[READ_SECRET]-->  ServiceAccount kube-system/helm-traefik  --[HOLDS_ADMIN]-->  CLUSTER-ADMIN
333,serviceaccount::kube-system::traefik,4,4,2.0,ServiceAccount kube-system/traefik  --[READ_SECRET]-->  ServiceAccount kube-system/deployment-controller  --[CREATE_WORKLOAD]-->  ServiceAccount kube-system/bootstrap-signer  --[READ_SECRET]-->  ServiceAccount kube-system/helm-traefik-crd  --[HOLDS_ADMIN]-->  CLUSTER-ADMIN
334,serviceaccount::kube-system::traefik,4,4,2.0,ServiceAccount kube-system/traefik  --[READ_SECRET]-->  ServiceAccount kube-system/deployment-controller  --[CREATE_WORKLOAD]-->  ServiceAccount kube-system/generic-garbage-collector  --[READ_SECRET]-->  ServiceAccount kube-system/helm-traefik  --[HOLDS_ADMIN]-->  CLUSTER-ADMIN
335,serviceaccount::kube-system::traefik,4,4,2.0,ServiceAccount kube-system/traefik  --[READ_SECRET]-->  ServiceAccount kube-system/deployment-controller  --[CREATE_WORKLOAD]-->  ServiceAccount kube-system/generic-garbage-collector  --[READ_SECRET]-->  ServiceAccount kube-system/helm-traefik-crd  --[HOLDS_ADMIN]-->  CLUSTER-ADMIN
336,serviceaccount::kube-system::traefik,4,4,2.0,ServiceAccount kube-system/traefik  --[READ_SECRET]-->  ServiceAccount kube-system/deployment-controller  --[CREATE_WORKLOAD]-->  ServiceAccount kube-system/namespace-controller  --[READ_SECRET]-->  ServiceAccount kube-system/helm-traefik  --[HOLDS_ADMIN]-->  CLUSTER-ADMIN
337,serviceaccount::kube-system::traefik,4,4,2.0,ServiceAccount kube-system/traefik  --[READ_SECRET]-->  ServiceAccount kube-system/deployment-controller  --[CREATE_WORKLOAD]-->  ServiceAccount kube-system/namespace-controller  --[READ_SECRET]-->  ServiceAccount kube-system/helm-traefik-crd  --[HOLDS_ADMIN]-->  CLUSTER-ADMIN
338,serviceaccount::kube-system::traefik,4,4,2.0,ServiceAccount kube-system/traefik  --[READ_SECRET]-->  ServiceAccount kube-system/deployment-controller  --[CREATE_WORKLOAD]-->  ServiceAccount kube-system/resourcequota-controller  --[READ_SECRET]-->  ServiceAccount kube-system/helm-traefik  --[HOLDS_ADMIN]-->  CLUSTER-ADMIN
339,serviceaccount::kube-system::traefik,4,4,2.0,ServiceAccount kube-system/traefik  --[READ_SECRET]-->  ServiceAccount kube-system/deployment-controller  --[CREATE_WORKLOAD]-->  ServiceAccount kube-system/resourcequota-controller  --[READ_SECRET]-->  ServiceAccount kube-system/helm-traefik-crd  --[HOLDS_ADMIN]-->  CLUSTER-ADMIN
340,serviceaccount::kube-system::traefik,4,4,2.0,ServiceAccount kube-system/traefik  --[READ_SECRET]-->  ServiceAccount kube-system/deployment-controller  --[CREATE_WORKLOAD]-->  ServiceAccount kube-system/token-cleaner  --[READ_SECRET]-->  ServiceAccount kube-system/helm-traefik  --[HOLDS_ADMIN]-->  CLUSTER-ADMIN
341,serviceaccount::kube-system::traefik,4,4,2.0,ServiceAccount kube-system/traefik  --[READ_SECRET]-->  ServiceAccount kube-system/deployment-controller  --[CREATE_WORKLOAD]-->  ServiceAccount kube-system/token-cleaner  --[READ_SECRET]-->  ServiceAccount kube-system/helm-traefik-crd  --[HOLDS_ADMIN]-->  CLUSTER-ADMIN
342,serviceaccount::kube-system::traefik,4,4,2.0,ServiceAccount kube-system/traefik  --[READ_SECRET]-->  ServiceAccount kube-system/generic-garbage-collector  --[READ_SECRET]-->  ServiceAccount kube-system/bootstrap-signer  --[READ_SECRET]-->  ServiceAccount kube-system/clusterrole-aggregation-controller  --[ESCALATE_ROLE]-->  CLUSTER-ADMIN
343,serviceaccount::kube-system::traefik,4,4,2.0,ServiceAccount kube-system/traefik  --[READ_SECRET]-->  ServiceAccount kube-system/generic-garbage-collector  --[READ_SECRET]-->  ServiceAccount kube-system/cronjob-controller  --[CREATE_WORKLOAD]-->  ServiceAccount kube-system/helm-traefik  --[HOLDS_ADMIN]-->  CLUSTER-ADMIN
344,serviceaccount::kube-system::traefik,4,4,2.0,ServiceAccount kube-system/traefik  --[READ_SECRET]-->  ServiceAccount kube-system/generic-garbage-collector  --[READ_SECRET]-->  ServiceAccount kube-system/cronjob-controller  --[CREATE_WORKLOAD]-->  ServiceAccount kube-system/helm-traefik-crd  --[HOLDS_ADMIN]-->  CLUSTER-ADMIN
345,serviceaccount::kube-system::traefik,4,4,2.0,ServiceAccount kube-system/traefik  --[READ_SECRET]-->  ServiceAccount kube-system/generic-garbage-collector  --[READ_SECRET]-->  ServiceAccount kube-system/daemon-set-controller  --[CREATE_WORKLOAD]-->  ServiceAccount kube-system/helm-traefik  --[HOLDS_ADMIN]-->  CLUSTER-ADMIN
346,serviceaccount::kube-system::traefik,4,4,2.0,ServiceAccount kube-system/traefik  --[READ_SECRET]-->  ServiceAccount kube-system/generic-garbage-collector  --[READ_SECRET]-->  ServiceAccount kube-system/daemon-set-controller  --[CREATE_WORKLOAD]-->  ServiceAccount kube-system/helm-traefik-crd  --[HOLDS_ADMIN]-->  CLUSTER-ADMIN
347,serviceaccount::kube-system::traefik,4,4,2.0,ServiceAccount kube-system/traefik  --[READ_SECRET]-->  ServiceAccount kube-system/generic-garbage-collector  --[READ_SECRET]-->  ServiceAccount kube-system/deployment-controller  --[CREATE_WORKLOAD]-->  ServiceAccount kube-system/helm-traefik  --[HOLDS_ADMIN]-->  CLUSTER-ADMIN
348,serviceaccount::kube-system::traefik,4,4,2.0,ServiceAccount kube-system/traefik  --[READ_SECRET]-->  ServiceAccount kube-system/generic-garbage-collector  --[READ_SECRET]-->  ServiceAccount kube-system/deployment-controller  --[CREATE_WORKLOAD]-->  ServiceAccount kube-system/helm-traefik-crd  --[HOLDS_ADMIN]-->  CLUSTER-ADMIN
349,serviceaccount::kube-system::traefik,4,4,2.0,ServiceAccount kube-system/traefik  --[READ_SECRET]-->  ServiceAccount kube-system/generic-garbage-collector  --[READ_SECRET]-->  ServiceAccount kube-system/job-controller  --[CREATE_WORKLOAD]-->  ServiceAccount kube-system/helm-traefik  --[HOLDS_ADMIN]-->  CLUSTER-ADMIN
350,serviceaccount::kube-system::traefik,4,4,2.0,ServiceAccount kube-system/traefik  --[READ_SECRET]-->  ServiceAccount kube-system/generic-garbage-collector  --[READ_SECRET]-->  ServiceAccount kube-system/job-controller  --[CREATE_WORKLOAD]-->  ServiceAccount kube-system/helm-traefik-crd  --[HOLDS_ADMIN]-->  CLUSTER-ADMIN
351,serviceaccount::kube-system::traefik,4,4,2.0,ServiceAccount kube-system/traefik  --[READ_SECRET]-->  ServiceAccount kube-system/generic-garbage-collector  --[READ_SECRET]-->  ServiceAccount kube-system/local-path-provisioner-service-account  --[CREATE_WORKLOAD]-->  ServiceAccount kube-system/helm-traefik  --[HOLDS_ADMIN]-->  CLUSTER-ADMIN
352,serviceaccount::kube-system::traefik,4,4,2.0,ServiceAccount kube-system/traefik  --[READ_SECRET]-->  ServiceAccount kube-system/generic-garbage-collector  --[READ_SECRET]-->  ServiceAccount kube-system/local-path-provisioner-service-account  --[CREATE_WORKLOAD]-->  ServiceAccount kube-system/helm-traefik-crd  --[HOLDS_ADMIN]-->  CLUSTER-ADMIN
353,serviceaccount::kube-system::traefik,4,4,2.0,ServiceAccount kube-system/traefik  --[READ_SECRET]-->  ServiceAccount kube-system/generic-garbage-collector  --[READ_SECRET]-->  ServiceAccount kube-system/namespace-controller  --[READ_SECRET]-->  ServiceAccount kube-system/clusterrole-aggregation-controller  --[ESCALATE_ROLE]-->  CLUSTER-ADMIN
354,serviceaccount::kube-system::traefik,4,4,2.0,ServiceAccount kube-system/traefik  --[READ_SECRET]-->  ServiceAccount kube-system/generic-garbage-collector  --[READ_SECRET]-->  ServiceAccount kube-system/persistent-volume-binder  --[CREATE_WORKLOAD]-->  ServiceAccount kube-system/helm-traefik  --[HOLDS_ADMIN]-->  CLUSTER-ADMIN
355,serviceaccount::kube-system::traefik,4,4,2.0,ServiceAccount kube-system/traefik  --[READ_SECRET]-->  ServiceAccount kube-system/generic-garbage-collector  --[READ_SECRET]-->  ServiceAccount kube-system/persistent-volume-binder  --[CREATE_WORKLOAD]-->  ServiceAccount kube-system/helm-traefik-crd  --[HOLDS_ADMIN]-->  CLUSTER-ADMIN
356,serviceaccount::kube-system::traefik,4,4,2.0,ServiceAccount kube-system/traefik  --[READ_SECRET]-->  ServiceAccount kube-system/generic-garbage-collector  --[READ_SECRET]-->  ServiceAccount kube-system/replicaset-controller  --[CREATE_WORKLOAD]-->  ServiceAccount kube-system/helm-traefik  --[HOLDS_ADMIN]-->  CLUSTER-ADMIN
357,serviceaccount::kube-system::traefik,4,4,2.0,ServiceAccount kube-system/traefik  --[READ_SECRET]-->  ServiceAccount kube-system/generic-garbage-collector  --[READ_SECRET]-->  ServiceAccount kube-system/replicaset-controller  --[CREATE_WORKLOAD]-->  ServiceAccount kube-system/helm-traefik-crd  --[HOLDS_ADMIN]-->  CLUSTER-ADMIN
358,serviceaccount::kube-system::traefik,4,4,2.0,ServiceAccount kube-system/traefik  --[READ_SECRET]-->  ServiceAccount kube-system/generic-garbage-collector  --[READ_SECRET]-->  ServiceAccount kube-system/replication-controller  --[CREATE_WORKLOAD]-->  ServiceAccount kube-system/helm-traefik  --[HOLDS_ADMIN]-->  CLUSTER-ADMIN
359,serviceaccount::kube-system::traefik,4,4,2.0,ServiceAccount kube-system/traefik  --[READ_SECRET]-->  ServiceAccount kube-system/generic-garbage-collector  --[READ_SECRET]-->  ServiceAccount kube-system/replication-controller  --[CREATE_WORKLOAD]-->  ServiceAccount kube-system/helm-traefik-crd  --[HOLDS_ADMIN]-->  CLUSTER-ADMIN
360,serviceaccount::kube-system::traefik,4,4,2.0,ServiceAccount kube-system/traefik  --[READ_SECRET]-->  ServiceAccount kube-system/generic-garbage-collector  --[READ_SECRET]-->  ServiceAccount kube-system/resourcequota-controller  --[READ_SECRET]-->  ServiceAccount kube-system/clusterrole-aggregation-controller  --[ESCALATE_ROLE]-->  CLUSTER-ADMIN
361,serviceaccount::kube-system::traefik,4,4,2.0,ServiceAccount kube-system/traefik  --[READ_SECRET]-->  ServiceAccount kube-system/generic-garbage-collector  --[READ_SECRET]-->  ServiceAccount kube-system/statefulset-controller  --[CREATE_WORKLOAD]-->  ServiceAccount kube-system/helm-traefik  --[HOLDS_ADMIN]-->  CLUSTER-ADMIN
362,serviceaccount::kube-system::traefik,4,4,2.0,ServiceAccount kube-system/traefik  --[READ_SECRET]-->  ServiceAccount kube-system/generic-garbage-collector  --[READ_SECRET]-->  ServiceAccount kube-system/statefulset-controller  --[CREATE_WORKLOAD]-->  ServiceAccount kube-system/helm-traefik-crd  --[HOLDS_ADMIN]-->  CLUSTER-ADMIN
363,serviceaccount::kube-system::traefik,4,4,2.0,ServiceAccount kube-system/traefik  --[READ_SECRET]-->  ServiceAccount kube-system/generic-garbage-collector  --[READ_SECRET]-->  ServiceAccount kube-system/token-cleaner  --[READ_SECRET]-->  ServiceAccount kube-system/clusterrole-aggregation-controller  --[ESCALATE_ROLE]-->  CLUSTER-ADMIN
364,serviceaccount::kube-system::traefik,4,4,2.0,ServiceAccount kube-system/traefik  --[READ_SECRET]-->  ServiceAccount kube-system/job-controller  --[CREATE_WORKLOAD]-->  ServiceAccount kube-system/bootstrap-signer  --[READ_SECRET]-->  ServiceAccount kube-system/helm-traefik  --[HOLDS_ADMIN]-->  CLUSTER-ADMIN
365,serviceaccount::kube-system::traefik,4,4,2.0,ServiceAccount kube-system/traefik  --[READ_SECRET]-->  ServiceAccount kube-system/job-controller  --[CREATE_WORKLOAD]-->  ServiceAccount kube-system/bootstrap-signer  --[READ_SECRET]-->  ServiceAccount kube-system/helm-traefik-crd  --[HOLDS_ADMIN]-->  CLUSTER-ADMIN
366,serviceaccount::kube-system::traefik,4,4,2.0,ServiceAccount kube-system/traefik  --[READ_SECRET]-->  ServiceAccount kube-system/job-controller  --[CREATE_WORKLOAD]-->  ServiceAccount kube-system/generic-garbage-collector  --[READ_SECRET]-->  ServiceAccount kube-system/helm-traefik  --[HOLDS_ADMIN]-->  CLUSTER-ADMIN
367,serviceaccount::kube-system::traefik,4,4,2.0,ServiceAccount kube-system/traefik  --[READ_SECRET]-->  ServiceAccount kube-system/job-controller  --[CREATE_WORKLOAD]-->  ServiceAccount kube-system/generic-garbage-collector  --[READ_SECRET]-->  ServiceAccount kube-system/helm-traefik-crd  --[HOLDS_ADMIN]-->  CLUSTER-ADMIN
368,serviceaccount::kube-system::traefik,4,4,2.0,ServiceAccount kube-system/traefik  --[READ_SECRET]-->  ServiceAccount kube-system/job-controller  --[CREATE_WORKLOAD]-->  ServiceAccount kube-system/namespace-controller  --[READ_SECRET]-->  ServiceAccount kube-system/helm-traefik  --[HOLDS_ADMIN]-->  CLUSTER-ADMIN
369,serviceaccount::kube-system::traefik,4,4,2.0,ServiceAccount kube-system/traefik  --[READ_SECRET]-->  ServiceAccount kube-system/job-controller  --[CREATE_WORKLOAD]-->  ServiceAccount kube-system/namespace-controller  --[READ_SECRET]-->  ServiceAccount kube-system/helm-traefik-crd  --[HOLDS_ADMIN]-->  CLUSTER-ADMIN
370,serviceaccount::kube-system::traefik,4,4,2.0,ServiceAccount kube-system/traefik  --[READ_SECRET]-->  ServiceAccount kube-system/job-controller  --[CREATE_WORKLOAD]-->  ServiceAccount kube-system/resourcequota-controller  --[READ_SECRET]-->  ServiceAccount kube-system/helm-traefik  --[HOLDS_ADMIN]-->  CLUSTER-ADMIN
371,serviceaccount::kube-system::traefik,4,4,2.0,ServiceAccount kube-system/traefik  --[READ_SECRET]-->  ServiceAccount kube-system/job-controller  --[CREATE_WORKLOAD]-->  ServiceAccount kube-system/resourcequota-controller  --[READ_SECRET]-->  ServiceAccount kube-system/helm-traefik-crd  --[HOLDS_ADMIN]-->  CLUSTER-ADMIN
372,serviceaccount::kube-system::traefik,4,4,2.0,ServiceAccount kube-system/traefik  --[READ_SECRET]-->  ServiceAccount kube-system/job-controller  --[CREATE_WORKLOAD]-->  ServiceAccount kube-system/token-cleaner  --[READ_SECRET]-->  ServiceAccount kube-system/helm-traefik  --[HOLDS_ADMIN]-->  CLUSTER-ADMIN
373,serviceaccount::kube-system::traefik,4,4,2.0,ServiceAccount kube-system/traefik  --[READ_SECRET]-->  ServiceAccount kube-system/job-controller  --[CREATE_WORKLOAD]-->  ServiceAccount kube-system/token-cleaner  --[READ_SECRET]-->  ServiceAccount kube-system/helm-traefik-crd  --[HOLDS_ADMIN]-->  CLUSTER-ADMIN
374,serviceaccount::kube-system::traefik,4,4,2.0,ServiceAccount kube-system/traefik  --[READ_SECRET]-->  ServiceAccount kube-system/local-path-provisioner-service-account  --[CREATE_WORKLOAD]-->  ServiceAccount kube-system/bootstrap-signer  --[READ_SECRET]-->  ServiceAccount kube-system/helm-traefik  --[HOLDS_ADMIN]-->  CLUSTER-ADMIN
375,serviceaccount::kube-system::traefik,4,4,2.0,ServiceAccount kube-system/traefik  --[READ_SECRET]-->  ServiceAccount kube-system/local-path-provisioner-service-account  --[CREATE_WORKLOAD]-->  ServiceAccount kube-system/bootstrap-signer  --[READ_SECRET]-->  ServiceAccount kube-system/helm-traefik-crd  --[HOLDS_ADMIN]-->  CLUSTER-ADMIN
376,serviceaccount::kube-system::traefik,4,4,2.0,ServiceAccount kube-system/traefik  --[READ_SECRET]-->  ServiceAccount kube-system/local-path-provisioner-service-account  --[CREATE_WORKLOAD]-->  ServiceAccount kube-system/generic-garbage-collector  --[READ_SECRET]-->  ServiceAccount kube-system/helm-traefik  --[HOLDS_ADMIN]-->  CLUSTER-ADMIN
377,serviceaccount::kube-system::traefik,4,4,2.0,ServiceAccount kube-system/traefik  --[READ_SECRET]-->  ServiceAccount kube-system/local-path-provisioner-service-account  --[CREATE_WORKLOAD]-->  ServiceAccount kube-system/generic-garbage-collector  --[READ_SECRET]-->  ServiceAccount kube-system/helm-traefik-crd  --[HOLDS_ADMIN]-->  CLUSTER-ADMIN
378,serviceaccount::kube-system::traefik,4,4,2.0,ServiceAccount kube-system/traefik  --[READ_SECRET]-->  ServiceAccount kube-system/local-path-provisioner-service-account  --[CREATE_WORKLOAD]-->  ServiceAccount kube-system/namespace-controller  --[READ_SECRET]-->  ServiceAccount kube-system/helm-traefik  --[HOLDS_ADMIN]-->  CLUSTER-ADMIN
379,serviceaccount::kube-system::traefik,4,4,2.0,ServiceAccount kube-system/traefik  --[READ_SECRET]-->  ServiceAccount kube-system/local-path-provisioner-service-account  --[CREATE_WORKLOAD]-->  ServiceAccount kube-system/namespace-controller  --[READ_SECRET]-->  ServiceAccount kube-system/helm-traefik-crd  --[HOLDS_ADMIN]-->  CLUSTER-ADMIN
380,serviceaccount::kube-system::traefik,4,4,2.0,ServiceAccount kube-system/traefik  --[READ_SECRET]-->  ServiceAccount kube-system/local-path-provisioner-service-account  --[CREATE_WORKLOAD]-->  ServiceAccount kube-system/resourcequota-controller  --[READ_SECRET]-->  ServiceAccount kube-system/helm-traefik  --[HOLDS_ADMIN]-->  CLUSTER-ADMIN
381,serviceaccount::kube-system::traefik,4,4,2.0,ServiceAccount kube-system/traefik  --[READ_SECRET]-->  ServiceAccount kube-system/local-path-provisioner-service-account  --[CREATE_WORKLOAD]-->  ServiceAccount kube-system/resourcequota-controller  --[READ_SECRET]-->  ServiceAccount kube-system/helm-traefik-crd  --[HOLDS_ADMIN]-->  CLUSTER-ADMIN
382,serviceaccount::kube-system::traefik,4,4,2.0,ServiceAccount kube-system/traefik  --[READ_SECRET]-->  ServiceAccount kube-system/local-path-provisioner-service-account  --[CREATE_WORKLOAD]-->  ServiceAccount kube-system/token-cleaner  --[READ_SECRET]-->  ServiceAccount kube-system/helm-traefik  --[HOLDS_ADMIN]-->  CLUSTER-ADMIN
383,serviceaccount::kube-system::traefik,4,4,2.0,ServiceAccount kube-system/traefik  --[READ_SECRET]-->  ServiceAccount kube-system/local-path-provisioner-service-account  --[CREATE_WORKLOAD]-->  ServiceAccount kube-system/token-cleaner  --[READ_SECRET]-->  ServiceAccount kube-system/helm-traefik-crd  --[HOLDS_ADMIN]-->  CLUSTER-ADMIN
384,serviceaccount::kube-system::traefik,4,4,2.0,ServiceAccount kube-system/traefik  --[READ_SECRET]-->  ServiceAccount kube-system/namespace-controller  --[READ_SECRET]-->  ServiceAccount kube-system/bootstrap-signer  --[READ_SECRET]-->  ServiceAccount kube-system/clusterrole-aggregation-controller  --[ESCALATE_ROLE]-->  CLUSTER-ADMIN
385,serviceaccount::kube-system::traefik,4,4,2.0,ServiceAccount kube-system/traefik  --[READ_SECRET]-->  ServiceAccount kube-system/namespace-controller  --[READ_SECRET]-->  ServiceAccount kube-system/cronjob-controller  --[CREATE_WORKLOAD]-->  ServiceAccount kube-system/helm-traefik  --[HOLDS_ADMIN]-->  CLUSTER-ADMIN
386,serviceaccount::kube-system::traefik,4,4,2.0,ServiceAccount kube-system/traefik  --[READ_SECRET]-->  ServiceAccount kube-system/namespace-controller  --[READ_SECRET]-->  ServiceAccount kube-system/cronjob-controller  --[CREATE_WORKLOAD]-->  ServiceAccount kube-system/helm-traefik-crd  --[HOLDS_ADMIN]-->  CLUSTER-ADMIN
387,serviceaccount::kube-system::traefik,4,4,2.0,ServiceAccount kube-system/traefik  --[READ_SECRET]-->  ServiceAccount kube-system/namespace-controller  --[READ_SECRET]-->  ServiceAccount kube-system/daemon-set-controller  --[CREATE_WORKLOAD]-->  ServiceAccount kube-system/helm-traefik  --[HOLDS_ADMIN]-->  CLUSTER-ADMIN
388,serviceaccount::kube-system::traefik,4,4,2.0,ServiceAccount kube-system/traefik  --[READ_SECRET]-->  ServiceAccount kube-system/namespace-controller  --[READ_SECRET]-->  ServiceAccount kube-system/daemon-set-controller  --[CREATE_WORKLOAD]-->  ServiceAccount kube-system/helm-traefik-crd  --[HOLDS_ADMIN]-->  CLUSTER-ADMIN
389,serviceaccount::kube-system::traefik,4,4,2.0,ServiceAccount kube-system/traefik  --[READ_SECRET]-->  ServiceAccount kube-system/namespace-controller  --[READ_SECRET]-->  ServiceAccount kube-system/deployment-controller  --[CREATE_WORKLOAD]-->  ServiceAccount kube-system/helm-traefik  --[HOLDS_ADMIN]-->  CLUSTER-ADMIN
390,serviceaccount::kube-system::traefik,4,4,2.0,ServiceAccount kube-system/traefik  --[READ_SECRET]-->  ServiceAccount kube-system/namespace-controller  --[READ_SECRET]-->  ServiceAccount kube-system/deployment-controller  --[CREATE_WORKLOAD]-->  ServiceAccount kube-system/helm-traefik-crd  --[HOLDS_ADMIN]-->  CLUSTER-ADMIN
391,serviceaccount::kube-system::traefik,4,4,2.0,ServiceAccount kube-system/traefik  --[READ_SECRET]-->  ServiceAccount kube-system/namespace-controller  --[READ_SECRET]-->  ServiceAccount kube-system/generic-garbage-collector  --[READ_SECRET]-->  ServiceAccount kube-system/clusterrole-aggregation-controller  --[ESCALATE_ROLE]-->  CLUSTER-ADMIN
392,serviceaccount::kube-system::traefik,4,4,2.0,ServiceAccount kube-system/traefik  --[READ_SECRET]-->  ServiceAccount kube-system/namespace-controller  --[READ_SECRET]-->  ServiceAccount kube-system/job-controller  --[CREATE_WORKLOAD]-->  ServiceAccount kube-system/helm-traefik  --[HOLDS_ADMIN]-->  CLUSTER-ADMIN
393,serviceaccount::kube-system::traefik,4,4,2.0,ServiceAccount kube-system/traefik  --[READ_SECRET]-->  ServiceAccount kube-system/namespace-controller  --[READ_SECRET]-->  ServiceAccount kube-system/job-controller  --[CREATE_WORKLOAD]-->  ServiceAccount kube-system/helm-traefik-crd  --[HOLDS_ADMIN]-->  CLUSTER-ADMIN
394,serviceaccount::kube-system::traefik,4,4,2.0,ServiceAccount kube-system/traefik  --[READ_SECRET]-->  ServiceAccount kube-system/namespace-controller  --[READ_SECRET]-->  ServiceAccount kube-system/local-path-provisioner-service-account  --[CREATE_WORKLOAD]-->  ServiceAccount kube-system/helm-traefik  --[HOLDS_ADMIN]-->  CLUSTER-ADMIN
395,serviceaccount::kube-system::traefik,4,4,2.0,ServiceAccount kube-system/traefik  --[READ_SECRET]-->  ServiceAccount kube-system/namespace-controller  --[READ_SECRET]-->  ServiceAccount kube-system/local-path-provisioner-service-account  --[CREATE_WORKLOAD]-->  ServiceAccount kube-system/helm-traefik-crd  --[HOLDS_ADMIN]-->  CLUSTER-ADMIN
396,serviceaccount::kube-system::traefik,4,4,2.0,ServiceAccount kube-system/traefik  --[READ_SECRET]-->  ServiceAccount kube-system/namespace-controller  --[READ_SECRET]-->  ServiceAccount kube-system/persistent-volume-binder  --[CREATE_WORKLOAD]-->  ServiceAccount kube-system/helm-traefik  --[HOLDS_ADMIN]-->  CLUSTER-ADMIN
397,serviceaccount::kube-system::traefik,4,4,2.0,ServiceAccount kube-system/traefik  --[READ_SECRET]-->  ServiceAccount kube-system/namespace-controller  --[READ_SECRET]-->  ServiceAccount kube-system/persistent-volume-binder  --[CREATE_WORKLOAD]-->  ServiceAccount kube-system/helm-traefik-crd  --[HOLDS_ADMIN]-->  CLUSTER-ADMIN
398,serviceaccount::kube-system::traefik,4,4,2.0,ServiceAccount kube-system/traefik  --[READ_SECRET]-->  ServiceAccount kube-system/namespace-controller  --[READ_SECRET]-->  ServiceAccount kube-system/replicaset-controller  --[CREATE_WORKLOAD]-->  ServiceAccount kube-system/helm-traefik  --[HOLDS_ADMIN]-->  CLUSTER-ADMIN
399,serviceaccount::kube-system::traefik,4,4,2.0,ServiceAccount kube-system/traefik  --[READ_SECRET]-->  ServiceAccount kube-system/namespace-controller  --[READ_SECRET]-->  ServiceAccount kube-system/replicaset-controller  --[CREATE_WORKLOAD]-->  ServiceAccount kube-system/helm-traefik-crd  --[HOLDS_ADMIN]-->  CLUSTER-ADMIN
400,serviceaccount::kube-system::traefik,4,4,2.0,ServiceAccount kube-system/traefik  --[READ_SECRET]-->  ServiceAccount kube-system/namespace-controller  --[READ_SECRET]-->  ServiceAccount kube-system/replication-controller  --[CREATE_WORKLOAD]-->  ServiceAccount kube-system/helm-traefik  --[HOLDS_ADMIN]-->  CLUSTER-ADMIN
401,serviceaccount::kube-system::traefik,4,4,2.0,ServiceAccount kube-system/traefik  --[READ_SECRET]-->  ServiceAccount kube-system/namespace-controller  --[READ_SECRET]-->  ServiceAccount kube-system/replication-controller  --[CREATE_WORKLOAD]-->  ServiceAccount kube-system/helm-traefik-crd  --[HOLDS_ADMIN]-->  CLUSTER-ADMIN
402,serviceaccount::kube-system::traefik,4,4,2.0,ServiceAccount kube-system/traefik  --[READ_SECRET]-->  ServiceAccount kube-system/namespace-controller  --[READ_SECRET]-->  ServiceAccount kube-system/resourcequota-controller  --[READ_SECRET]-->  ServiceAccount kube-system/clusterrole-aggregation-controller  --[ESCALATE_ROLE]-->  CLUSTER-ADMIN
403,serviceaccount::kube-system::traefik,4,4,2.0,ServiceAccount kube-system/traefik  --[READ_SECRET]-->  ServiceAccount kube-system/namespace-controller  --[READ_SECRET]-->  ServiceAccount kube-system/statefulset-controller  --[CREATE_WORKLOAD]-->  ServiceAccount kube-system/helm-traefik  --[HOLDS_ADMIN]-->  CLUSTER-ADMIN
404,serviceaccount::kube-system::traefik,4,4,2.0,ServiceAccount kube-system/traefik  --[READ_SECRET]-->  ServiceAccount kube-system/namespace-controller  --[READ_SECRET]-->  ServiceAccount kube-system/statefulset-controller  --[CREATE_WORKLOAD]-->  ServiceAccount kube-system/helm-traefik-crd  --[HOLDS_ADMIN]-->  CLUSTER-ADMIN
405,serviceaccount::kube-system::traefik,4,4,2.0,ServiceAccount kube-system/traefik  --[READ_SECRET]-->  ServiceAccount kube-system/namespace-controller  --[READ_SECRET]-->  ServiceAccount kube-system/token-cleaner  --[READ_SECRET]-->  ServiceAccount kube-system/clusterrole-aggregation-controller  --[ESCALATE_ROLE]-->  CLUSTER-ADMIN
406,serviceaccount::kube-system::traefik,4,4,2.0,ServiceAccount kube-system/traefik  --[READ_SECRET]-->  ServiceAccount kube-system/persistent-volume-binder  --[CREATE_WORKLOAD]-->  ServiceAccount kube-system/bootstrap-signer  --[READ_SECRET]-->  ServiceAccount kube-system/helm-traefik  --[HOLDS_ADMIN]-->  CLUSTER-ADMIN
407,serviceaccount::kube-system::traefik,4,4,2.0,ServiceAccount kube-system/traefik  --[READ_SECRET]-->  ServiceAccount kube-system/persistent-volume-binder  --[CREATE_WORKLOAD]-->  ServiceAccount kube-system/bootstrap-signer  --[READ_SECRET]-->  ServiceAccount kube-system/helm-traefik-crd  --[HOLDS_ADMIN]-->  CLUSTER-ADMIN
408,serviceaccount::kube-system::traefik,4,4,2.0,ServiceAccount kube-system/traefik  --[READ_SECRET]-->  ServiceAccount kube-system/persistent-volume-binder  --[CREATE_WORKLOAD]-->  ServiceAccount kube-system/generic-garbage-collector  --[READ_SECRET]-->  ServiceAccount kube-system/helm-traefik  --[HOLDS_ADMIN]-->  CLUSTER-ADMIN
409,serviceaccount::kube-system::traefik,4,4,2.0,ServiceAccount kube-system/traefik  --[READ_SECRET]-->  ServiceAccount kube-system/persistent-volume-binder  --[CREATE_WORKLOAD]-->  ServiceAccount kube-system/generic-garbage-collector  --[READ_SECRET]-->  ServiceAccount kube-system/helm-traefik-crd  --[HOLDS_ADMIN]-->  CLUSTER-ADMIN
410,serviceaccount::kube-system::traefik,4,4,2.0,ServiceAccount kube-system/traefik  --[READ_SECRET]-->  ServiceAccount kube-system/persistent-volume-binder  --[CREATE_WORKLOAD]-->  ServiceAccount kube-system/namespace-controller  --[READ_SECRET]-->  ServiceAccount kube-system/helm-traefik  --[HOLDS_ADMIN]-->  CLUSTER-ADMIN
411,serviceaccount::kube-system::traefik,4,4,2.0,ServiceAccount kube-system/traefik  --[READ_SECRET]-->  ServiceAccount kube-system/persistent-volume-binder  --[CREATE_WORKLOAD]-->  ServiceAccount kube-system/namespace-controller  --[READ_SECRET]-->  ServiceAccount kube-system/helm-traefik-crd  --[HOLDS_ADMIN]-->  CLUSTER-ADMIN
412,serviceaccount::kube-system::traefik,4,4,2.0,ServiceAccount kube-system/traefik  --[READ_SECRET]-->  ServiceAccount kube-system/persistent-volume-binder  --[CREATE_WORKLOAD]-->  ServiceAccount kube-system/resourcequota-controller  --[READ_SECRET]-->  ServiceAccount kube-system/helm-traefik  --[HOLDS_ADMIN]-->  CLUSTER-ADMIN
413,serviceaccount::kube-system::traefik,4,4,2.0,ServiceAccount kube-system/traefik  --[READ_SECRET]-->  ServiceAccount kube-system/persistent-volume-binder  --[CREATE_WORKLOAD]-->  ServiceAccount kube-system/resourcequota-controller  --[READ_SECRET]-->  ServiceAccount kube-system/helm-traefik-crd  --[HOLDS_ADMIN]-->  CLUSTER-ADMIN
414,serviceaccount::kube-system::traefik,4,4,2.0,ServiceAccount kube-system/traefik  --[READ_SECRET]-->  ServiceAccount kube-system/persistent-volume-binder  --[CREATE_WORKLOAD]-->  ServiceAccount kube-system/token-cleaner  --[READ_SECRET]-->  ServiceAccount kube-system/helm-traefik  --[HOLDS_ADMIN]-->  CLUSTER-ADMIN
415,serviceaccount::kube-system::traefik,4,4,2.0,ServiceAccount kube-system/traefik  --[READ_SECRET]-->  ServiceAccount kube-system/persistent-volume-binder  --[CREATE_WORKLOAD]-->  ServiceAccount kube-system/token-cleaner  --[READ_SECRET]-->  ServiceAccount kube-system/helm-traefik-crd  --[HOLDS_ADMIN]-->  CLUSTER-ADMIN
416,serviceaccount::kube-system::traefik,4,4,2.0,ServiceAccount kube-system/traefik  --[READ_SECRET]-->  ServiceAccount kube-system/replicaset-controller  --[CREATE_WORKLOAD]-->  ServiceAccount kube-system/bootstrap-signer  --[READ_SECRET]-->  ServiceAccount kube-system/helm-traefik  --[HOLDS_ADMIN]-->  CLUSTER-ADMIN
417,serviceaccount::kube-system::traefik,4,4,2.0,ServiceAccount kube-system/traefik  --[READ_SECRET]-->  ServiceAccount kube-system/replicaset-controller  --[CREATE_WORKLOAD]-->  ServiceAccount kube-system/bootstrap-signer  --[READ_SECRET]-->  ServiceAccount kube-system/helm-traefik-crd  --[HOLDS_ADMIN]-->  CLUSTER-ADMIN
418,serviceaccount::kube-system::traefik,4,4,2.0,ServiceAccount kube-system/traefik  --[READ_SECRET]-->  ServiceAccount kube-system/replicaset-controller  --[CREATE_WORKLOAD]-->  ServiceAccount kube-system/generic-garbage-collector  --[READ_SECRET]-->  ServiceAccount kube-system/helm-traefik  --[HOLDS_ADMIN]-->  CLUSTER-ADMIN
419,serviceaccount::kube-system::traefik,4,4,2.0,ServiceAccount kube-system/traefik  --[READ_SECRET]-->  ServiceAccount kube-system/replicaset-controller  --[CREATE_WORKLOAD]-->  ServiceAccount kube-system/generic-garbage-collector  --[READ_SECRET]-->  ServiceAccount kube-system/helm-traefik-crd  --[HOLDS_ADMIN]-->  CLUSTER-ADMIN
420,serviceaccount::kube-system::traefik,4,4,2.0,ServiceAccount kube-system/traefik  --[READ_SECRET]-->  ServiceAccount kube-system/replicaset-controller  --[CREATE_WORKLOAD]-->  ServiceAccount kube-system/namespace-controller  --[READ_SECRET]-->  ServiceAccount kube-system/helm-traefik  --[HOLDS_ADMIN]-->  CLUSTER-ADMIN
421,serviceaccount::kube-system::traefik,4,4,2.0,ServiceAccount kube-system/traefik  --[READ_SECRET]-->  ServiceAccount kube-system/replicaset-controller  --[CREATE_WORKLOAD]-->  ServiceAccount kube-system/namespace-controller  --[READ_SECRET]-->  ServiceAccount kube-system/helm-traefik-crd  --[HOLDS_ADMIN]-->  CLUSTER-ADMIN
422,serviceaccount::kube-system::traefik,4,4,2.0,ServiceAccount kube-system/traefik  --[READ_SECRET]-->  ServiceAccount kube-system/replicaset-controller  --[CREATE_WORKLOAD]-->  ServiceAccount kube-system/resourcequota-controller  --[READ_SECRET]-->  ServiceAccount kube-system/helm-traefik  --[HOLDS_ADMIN]-->  CLUSTER-ADMIN
423,serviceaccount::kube-system::traefik,4,4,2.0,ServiceAccount kube-system/traefik  --[READ_SECRET]-->  ServiceAccount kube-system/replicaset-controller  --[CREATE_WORKLOAD]-->  ServiceAccount kube-system/resourcequota-controller  --[READ_SECRET]-->  ServiceAccount kube-system/helm-traefik-crd  --[HOLDS_ADMIN]-->  CLUSTER-ADMIN
424,serviceaccount::kube-system::traefik,4,4,2.0,ServiceAccount kube-system/traefik  --[READ_SECRET]-->  ServiceAccount kube-system/replicaset-controller  --[CREATE_WORKLOAD]-->  ServiceAccount kube-system/token-cleaner  --[READ_SECRET]-->  ServiceAccount kube-system/helm-traefik  --[HOLDS_ADMIN]-->  CLUSTER-ADMIN
425,serviceaccount::kube-system::traefik,4,4,2.0,ServiceAccount kube-system/traefik  --[READ_SECRET]-->  ServiceAccount kube-system/replicaset-controller  --[CREATE_WORKLOAD]-->  ServiceAccount kube-system/token-cleaner  --[READ_SECRET]-->  ServiceAccount kube-system/helm-traefik-crd  --[HOLDS_ADMIN]-->  CLUSTER-ADMIN
426,serviceaccount::kube-system::traefik,4,4,2.0,ServiceAccount kube-system/traefik  --[READ_SECRET]-->  ServiceAccount kube-system/replication-controller  --[CREATE_WORKLOAD]-->  ServiceAccount kube-system/bootstrap-signer  --[READ_SECRET]-->  ServiceAccount kube-system/helm-traefik  --[HOLDS_ADMIN]-->  CLUSTER-ADMIN
427,serviceaccount::kube-system::traefik,4,4,2.0,ServiceAccount kube-system/traefik  --[READ_SECRET]-->  ServiceAccount kube-system/replication-controller  --[CREATE_WORKLOAD]-->  ServiceAccount kube-system/bootstrap-signer  --[READ_SECRET]-->  ServiceAccount kube-system/helm-traefik-crd  --[HOLDS_ADMIN]-->  CLUSTER-ADMIN
428,serviceaccount::kube-system::traefik,4,4,2.0,ServiceAccount kube-system/traefik  --[READ_SECRET]-->  ServiceAccount kube-system/replication-controller  --[CREATE_WORKLOAD]-->  ServiceAccount kube-system/generic-garbage-collector  --[READ_SECRET]-->  ServiceAccount kube-system/helm-traefik  --[HOLDS_ADMIN]-->  CLUSTER-ADMIN
429,serviceaccount::kube-system::traefik,4,4,2.0,ServiceAccount kube-system/traefik  --[READ_SECRET]-->  ServiceAccount kube-system/replication-controller  --[CREATE_WORKLOAD]-->  ServiceAccount kube-system/generic-garbage-collector  --[READ_SECRET]-->  ServiceAccount kube-system/helm-traefik-crd  --[HOLDS_ADMIN]-->  CLUSTER-ADMIN
430,serviceaccount::kube-system::traefik,4,4,2.0,ServiceAccount kube-system/traefik  --[READ_SECRET]-->  ServiceAccount kube-system/replication-controller  --[CREATE_WORKLOAD]-->  ServiceAccount kube-system/namespace-controller  --[READ_SECRET]-->  ServiceAccount kube-system/helm-traefik  --[HOLDS_ADMIN]-->  CLUSTER-ADMIN
431,serviceaccount::kube-system::traefik,4,4,2.0,ServiceAccount kube-system/traefik  --[READ_SECRET]-->  ServiceAccount kube-system/replication-controller  --[CREATE_WORKLOAD]-->  ServiceAccount kube-system/namespace-controller  --[READ_SECRET]-->  ServiceAccount kube-system/helm-traefik-crd  --[HOLDS_ADMIN]-->  CLUSTER-ADMIN
432,serviceaccount::kube-system::traefik,4,4,2.0,ServiceAccount kube-system/traefik  --[READ_SECRET]-->  ServiceAccount kube-system/replication-controller  --[CREATE_WORKLOAD]-->  ServiceAccount kube-system/resourcequota-controller  --[READ_SECRET]-->  ServiceAccount kube-system/helm-traefik  --[HOLDS_ADMIN]-->  CLUSTER-ADMIN
433,serviceaccount::kube-system::traefik,4,4,2.0,ServiceAccount kube-system/traefik  --[READ_SECRET]-->  ServiceAccount kube-system/replication-controller  --[CREATE_WORKLOAD]-->  ServiceAccount kube-system/resourcequota-controller  --[READ_SECRET]-->  ServiceAccount kube-system/helm-traefik-crd  --[HOLDS_ADMIN]-->  CLUSTER-ADMIN
434,serviceaccount::kube-system::traefik,4,4,2.0,ServiceAccount kube-system/traefik  --[READ_SECRET]-->  ServiceAccount kube-system/replication-controller  --[CREATE_WORKLOAD]-->  ServiceAccount kube-system/token-cleaner  --[READ_SECRET]-->  ServiceAccount kube-system/helm-traefik  --[HOLDS_ADMIN]-->  CLUSTER-ADMIN
435,serviceaccount::kube-system::traefik,4,4,2.0,ServiceAccount kube-system/traefik  --[READ_SECRET]-->  ServiceAccount kube-system/replication-controller  --[CREATE_WORKLOAD]-->  ServiceAccount kube-system/token-cleaner  --[READ_SECRET]-->  ServiceAccount kube-system/helm-traefik-crd  --[HOLDS_ADMIN]-->  CLUSTER-ADMIN
436,serviceaccount::kube-system::traefik,4,4,2.0,ServiceAccount kube-system/traefik  --[READ_SECRET]-->  ServiceAccount kube-system/resourcequota-controller  --[READ_SECRET]-->  ServiceAccount kube-system/bootstrap-signer  --[READ_SECRET]-->  ServiceAccount kube-system/clusterrole-aggregation-controller  --[ESCALATE_ROLE]-->  CLUSTER-ADMIN
437,serviceaccount::kube-system::traefik,4,4,2.0,ServiceAccount kube-system/traefik  --[READ_SECRET]-->  ServiceAccount kube-system/resourcequota-controller  --[READ_SECRET]-->  ServiceAccount kube-system/cronjob-controller  --[CREATE_WORKLOAD]-->  ServiceAccount kube-system/helm-traefik  --[HOLDS_ADMIN]-->  CLUSTER-ADMIN
438,serviceaccount::kube-system::traefik,4,4,2.0,ServiceAccount kube-system/traefik  --[READ_SECRET]-->  ServiceAccount kube-system/resourcequota-controller  --[READ_SECRET]-->  ServiceAccount kube-system/cronjob-controller  --[CREATE_WORKLOAD]-->  ServiceAccount kube-system/helm-traefik-crd  --[HOLDS_ADMIN]-->  CLUSTER-ADMIN
439,serviceaccount::kube-system::traefik,4,4,2.0,ServiceAccount kube-system/traefik  --[READ_SECRET]-->  ServiceAccount kube-system/resourcequota-controller  --[READ_SECRET]-->  ServiceAccount kube-system/daemon-set-controller  --[CREATE_WORKLOAD]-->  ServiceAccount kube-system/helm-traefik  --[HOLDS_ADMIN]-->  CLUSTER-ADMIN
440,serviceaccount::kube-system::traefik,4,4,2.0,ServiceAccount kube-system/traefik  --[READ_SECRET]-->  ServiceAccount kube-system/resourcequota-controller  --[READ_SECRET]-->  ServiceAccount kube-system/daemon-set-controller  --[CREATE_WORKLOAD]-->  ServiceAccount kube-system/helm-traefik-crd  --[HOLDS_ADMIN]-->  CLUSTER-ADMIN
441,serviceaccount::kube-system::traefik,4,4,2.0,ServiceAccount kube-system/traefik  --[READ_SECRET]-->  ServiceAccount kube-system/resourcequota-controller  --[READ_SECRET]-->  ServiceAccount kube-system/deployment-controller  --[CREATE_WORKLOAD]-->  ServiceAccount kube-system/helm-traefik  --[HOLDS_ADMIN]-->  CLUSTER-ADMIN
442,serviceaccount::kube-system::traefik,4,4,2.0,ServiceAccount kube-system/traefik  --[READ_SECRET]-->  ServiceAccount kube-system/resourcequota-controller  --[READ_SECRET]-->  ServiceAccount kube-system/deployment-controller  --[CREATE_WORKLOAD]-->  ServiceAccount kube-system/helm-traefik-crd  --[HOLDS_ADMIN]-->  CLUSTER-ADMIN
443,serviceaccount::kube-system::traefik,4,4,2.0,ServiceAccount kube-system/traefik  --[READ_SECRET]-->  ServiceAccount kube-system/resourcequota-controller  --[READ_SECRET]-->  ServiceAccount kube-system/generic-garbage-collector  --[READ_SECRET]-->  ServiceAccount kube-system/clusterrole-aggregation-controller  --[ESCALATE_ROLE]-->  CLUSTER-ADMIN
444,serviceaccount::kube-system::traefik,4,4,2.0,ServiceAccount kube-system/traefik  --[READ_SECRET]-->  ServiceAccount kube-system/resourcequota-controller  --[READ_SECRET]-->  ServiceAccount kube-system/job-controller  --[CREATE_WORKLOAD]-->  ServiceAccount kube-system/helm-traefik  --[HOLDS_ADMIN]-->  CLUSTER-ADMIN
445,serviceaccount::kube-system::traefik,4,4,2.0,ServiceAccount kube-system/traefik  --[READ_SECRET]-->  ServiceAccount kube-system/resourcequota-controller  --[READ_SECRET]-->  ServiceAccount kube-system/job-controller  --[CREATE_WORKLOAD]-->  ServiceAccount kube-system/helm-traefik-crd  --[HOLDS_ADMIN]-->  CLUSTER-ADMIN
446,serviceaccount::kube-system::traefik,4,4,2.0,ServiceAccount kube-system/traefik  --[READ_SECRET]-->  ServiceAccount kube-system/resourcequota-controller  --[READ_SECRET]-->  ServiceAccount kube-system/local-path-provisioner-service-account  --[CREATE_WORKLOAD]-->  ServiceAccount kube-system/helm-traefik  --[HOLDS_ADMIN]-->  CLUSTER-ADMIN
447,serviceaccount::kube-system::traefik,4,4,2.0,ServiceAccount kube-system/traefik  --[READ_SECRET]-->  ServiceAccount kube-system/resourcequota-controller  --[READ_SECRET]-->  ServiceAccount kube-system/local-path-provisioner-service-account  --[CREATE_WORKLOAD]-->  ServiceAccount kube-system/helm-traefik-crd  --[HOLDS_ADMIN]-->  CLUSTER-ADMIN
448,serviceaccount::kube-system::traefik,4,4,2.0,ServiceAccount kube-system/traefik  --[READ_SECRET]-->  ServiceAccount kube-system/resourcequota-controller  --[READ_SECRET]-->  ServiceAccount kube-system/namespace-controller  --[READ_SECRET]-->  ServiceAccount kube-system/clusterrole-aggregation-controller  --[ESCALATE_ROLE]-->  CLUSTER-ADMIN
449,serviceaccount::kube-system::traefik,4,4,2.0,ServiceAccount kube-system/traefik  --[READ_SECRET]-->  ServiceAccount kube-system/resourcequota-controller  --[READ_SECRET]-->  ServiceAccount kube-system/persistent-volume-binder  --[CREATE_WORKLOAD]-->  ServiceAccount kube-system/helm-traefik  --[HOLDS_ADMIN]-->  CLUSTER-ADMIN
450,serviceaccount::kube-system::traefik,4,4,2.0,ServiceAccount kube-system/traefik  --[READ_SECRET]-->  ServiceAccount kube-system/resourcequota-controller  --[READ_SECRET]-->  ServiceAccount kube-system/persistent-volume-binder  --[CREATE_WORKLOAD]-->  ServiceAccount kube-system/helm-traefik-crd  --[HOLDS_ADMIN]-->  CLUSTER-ADMIN
451,serviceaccount::kube-system::traefik,4,4,2.0,ServiceAccount kube-system/traefik  --[READ_SECRET]-->  ServiceAccount kube-system/resourcequota-controller  --[READ_SECRET]-->  ServiceAccount kube-system/replicaset-controller  --[CREATE_WORKLOAD]-->  ServiceAccount kube-system/helm-traefik  --[HOLDS_ADMIN]-->  CLUSTER-ADMIN
452,serviceaccount::kube-system::traefik,4,4,2.0,ServiceAccount kube-system/traefik  --[READ_SECRET]-->  ServiceAccount kube-system/resourcequota-controller  --[READ_SECRET]-->  ServiceAccount kube-system/replicaset-controller  --[CREATE_WORKLOAD]-->  ServiceAccount kube-system/helm-traefik-crd  --[HOLDS_ADMIN]-->  CLUSTER-ADMIN
453,serviceaccount::kube-system::traefik,4,4,2.0,ServiceAccount kube-system/traefik  --[READ_SECRET]-->  ServiceAccount kube-system/resourcequota-controller  --[READ_SECRET]-->  ServiceAccount kube-system/replication-controller  --[CREATE_WORKLOAD]-->  ServiceAccount kube-system/helm-traefik  --[HOLDS_ADMIN]-->  CLUSTER-ADMIN
454,serviceaccount::kube-system::traefik,4,4,2.0,ServiceAccount kube-system/traefik  --[READ_SECRET]-->  ServiceAccount kube-system/resourcequota-controller  --[READ_SECRET]-->  ServiceAccount kube-system/replication-controller  --[CREATE_WORKLOAD]-->  ServiceAccount kube-system/helm-traefik-crd  --[HOLDS_ADMIN]-->  CLUSTER-ADMIN
455,serviceaccount::kube-system::traefik,4,4,2.0,ServiceAccount kube-system/traefik  --[READ_SECRET]-->  ServiceAccount kube-system/resourcequota-controller  --[READ_SECRET]-->  ServiceAccount kube-system/statefulset-controller  --[CREATE_WORKLOAD]-->  ServiceAccount kube-system/helm-traefik  --[HOLDS_ADMIN]-->  CLUSTER-ADMIN
456,serviceaccount::kube-system::traefik,4,4,2.0,ServiceAccount kube-system/traefik  --[READ_SECRET]-->  ServiceAccount kube-system/resourcequota-controller  --[READ_SECRET]-->  ServiceAccount kube-system/statefulset-controller  --[CREATE_WORKLOAD]-->  ServiceAccount kube-system/helm-traefik-crd  --[HOLDS_ADMIN]-->  CLUSTER-ADMIN
457,serviceaccount::kube-system::traefik,4,4,2.0,ServiceAccount kube-system/traefik  --[READ_SECRET]-->  ServiceAccount kube-system/resourcequota-controller  --[READ_SECRET]-->  ServiceAccount kube-system/token-cleaner  --[READ_SECRET]-->  ServiceAccount kube-system/clusterrole-aggregation-controller  --[ESCALATE_ROLE]-->  CLUSTER-ADMIN
458,serviceaccount::kube-system::traefik,4,4,2.0,ServiceAccount kube-system/traefik  --[READ_SECRET]-->  ServiceAccount kube-system/statefulset-controller  --[CREATE_WORKLOAD]-->  ServiceAccount kube-system/bootstrap-signer  --[READ_SECRET]-->  ServiceAccount kube-system/helm-traefik  --[HOLDS_ADMIN]-->  CLUSTER-ADMIN
459,serviceaccount::kube-system::traefik,4,4,2.0,ServiceAccount kube-system/traefik  --[READ_SECRET]-->  ServiceAccount kube-system/statefulset-controller  --[CREATE_WORKLOAD]-->  ServiceAccount kube-system/bootstrap-signer  --[READ_SECRET]-->  ServiceAccount kube-system/helm-traefik-crd  --[HOLDS_ADMIN]-->  CLUSTER-ADMIN
460,serviceaccount::kube-system::traefik,4,4,2.0,ServiceAccount kube-system/traefik  --[READ_SECRET]-->  ServiceAccount kube-system/statefulset-controller  --[CREATE_WORKLOAD]-->  ServiceAccount kube-system/generic-garbage-collector  --[READ_SECRET]-->  ServiceAccount kube-system/helm-traefik  --[HOLDS_ADMIN]-->  CLUSTER-ADMIN
461,serviceaccount::kube-system::traefik,4,4,2.0,ServiceAccount kube-system/traefik  --[READ_SECRET]-->  ServiceAccount kube-system/statefulset-controller  --[CREATE_WORKLOAD]-->  ServiceAccount kube-system/generic-garbage-collector  --[READ_SECRET]-->  ServiceAccount kube-system/helm-traefik-crd  --[HOLDS_ADMIN]-->  CLUSTER-ADMIN
462,serviceaccount::kube-system::traefik,4,4,2.0,ServiceAccount kube-system/traefik  --[READ_SECRET]-->  ServiceAccount kube-system/statefulset-controller  --[CREATE_WORKLOAD]-->  ServiceAccount kube-system/namespace-controller  --[READ_SECRET]-->  ServiceAccount kube-system/helm-traefik  --[HOLDS_ADMIN]-->  CLUSTER-ADMIN
463,serviceaccount::kube-system::traefik,4,4,2.0,ServiceAccount kube-system/traefik  --[READ_SECRET]-->  ServiceAccount kube-system/statefulset-controller  --[CREATE_WORKLOAD]-->  ServiceAccount kube-system/namespace-controller  --[READ_SECRET]-->  ServiceAccount kube-system/helm-traefik-crd  --[HOLDS_ADMIN]-->  CLUSTER-ADMIN
464,serviceaccount::kube-system::traefik,4,4,2.0,ServiceAccount kube-system/traefik  --[READ_SECRET]-->  ServiceAccount kube-system/statefulset-controller  --[CREATE_WORKLOAD]-->  ServiceAccount kube-system/resourcequota-controller  --[READ_SECRET]-->  ServiceAccount kube-system/helm-traefik  --[HOLDS_ADMIN]-->  CLUSTER-ADMIN
465,serviceaccount::kube-system::traefik,4,4,2.0,ServiceAccount kube-system/traefik  --[READ_SECRET]-->  ServiceAccount kube-system/statefulset-controller  --[CREATE_WORKLOAD]-->  ServiceAccount kube-system/resourcequota-controller  --[READ_SECRET]-->  ServiceAccount kube-system/helm-traefik-crd  --[HOLDS_ADMIN]-->  CLUSTER-ADMIN
466,serviceaccount::kube-system::traefik,4,4,2.0,ServiceAccount kube-system/traefik  --[READ_SECRET]-->  ServiceAccount kube-system/statefulset-controller  --[CREATE_WORKLOAD]-->  ServiceAccount kube-system/token-cleaner  --[READ_SECRET]-->  ServiceAccount kube-system/helm-traefik  --[HOLDS_ADMIN]-->  CLUSTER-ADMIN
467,serviceaccount::kube-system::traefik,4,4,2.0,ServiceAccount kube-system/traefik  --[READ_SECRET]-->  ServiceAccount kube-system/statefulset-controller  --[CREATE_WORKLOAD]-->  ServiceAccount kube-system/token-cleaner  --[READ_SECRET]-->  ServiceAccount kube-system/helm-traefik-crd  --[HOLDS_ADMIN]-->  CLUSTER-ADMIN
468,serviceaccount::kube-system::traefik,4,4,2.0,ServiceAccount kube-system/traefik  --[READ_SECRET]-->  ServiceAccount kube-system/token-cleaner  --[READ_SECRET]-->  ServiceAccount kube-system/bootstrap-signer  --[READ_SECRET]-->  ServiceAccount kube-system/clusterrole-aggregation-controller  --[ESCALATE_ROLE]-->  CLUSTER-ADMIN
469,serviceaccount::kube-system::traefik,4,4,2.0,ServiceAccount kube-system/traefik  --[READ_SECRET]-->  ServiceAccount kube-system/token-cleaner  --[READ_SECRET]-->  ServiceAccount kube-system/cronjob-controller  --[CREATE_WORKLOAD]-->  ServiceAccount kube-system/helm-traefik  --[HOLDS_ADMIN]-->  CLUSTER-ADMIN
470,serviceaccount::kube-system::traefik,4,4,2.0,ServiceAccount kube-system/traefik  --[READ_SECRET]-->  ServiceAccount kube-system/token-cleaner  --[READ_SECRET]-->  ServiceAccount kube-system/cronjob-controller  --[CREATE_WORKLOAD]-->  ServiceAccount kube-system/helm-traefik-crd  --[HOLDS_ADMIN]-->  CLUSTER-ADMIN
471,serviceaccount::kube-system::traefik,4,4,2.0,ServiceAccount kube-system/traefik  --[READ_SECRET]-->  ServiceAccount kube-system/token-cleaner  --[READ_SECRET]-->  ServiceAccount kube-system/daemon-set-controller  --[CREATE_WORKLOAD]-->  ServiceAccount kube-system/helm-traefik  --[HOLDS_ADMIN]-->  CLUSTER-ADMIN
472,serviceaccount::kube-system::traefik,4,4,2.0,ServiceAccount kube-system/traefik  --[READ_SECRET]-->  ServiceAccount kube-system/token-cleaner  --[READ_SECRET]-->  ServiceAccount kube-system/daemon-set-controller  --[CREATE_WORKLOAD]-->  ServiceAccount kube-system/helm-traefik-crd  --[HOLDS_ADMIN]-->  CLUSTER-ADMIN
473,serviceaccount::kube-system::traefik,4,4,2.0,ServiceAccount kube-system/traefik  --[READ_SECRET]-->  ServiceAccount kube-system/token-cleaner  --[READ_SECRET]-->  ServiceAccount kube-system/deployment-controller  --[CREATE_WORKLOAD]-->  ServiceAccount kube-system/helm-traefik  --[HOLDS_ADMIN]-->  CLUSTER-ADMIN
474,serviceaccount::kube-system::traefik,4,4,2.0,ServiceAccount kube-system/traefik  --[READ_SECRET]-->  ServiceAccount kube-system/token-cleaner  --[READ_SECRET]-->  ServiceAccount kube-system/deployment-controller  --[CREATE_WORKLOAD]-->  ServiceAccount kube-system/helm-traefik-crd  --[HOLDS_ADMIN]-->  CLUSTER-ADMIN
475,serviceaccount::kube-system::traefik,4,4,2.0,ServiceAccount kube-system/traefik  --[READ_SECRET]-->  ServiceAccount kube-system/token-cleaner  --[READ_SECRET]-->  ServiceAccount kube-system/generic-garbage-collector  --[READ_SECRET]-->  ServiceAccount kube-system/clusterrole-aggregation-controller  --[ESCALATE_ROLE]-->  CLUSTER-ADMIN
476,serviceaccount::kube-system::traefik,4,4,2.0,ServiceAccount kube-system/traefik  --[READ_SECRET]-->  ServiceAccount kube-system/token-cleaner  --[READ_SECRET]-->  ServiceAccount kube-system/job-controller  --[CREATE_WORKLOAD]-->  ServiceAccount kube-system/helm-traefik  --[HOLDS_ADMIN]-->  CLUSTER-ADMIN
477,serviceaccount::kube-system::traefik,4,4,2.0,ServiceAccount kube-system/traefik  --[READ_SECRET]-->  ServiceAccount kube-system/token-cleaner  --[READ_SECRET]-->  ServiceAccount kube-system/job-controller  --[CREATE_WORKLOAD]-->  ServiceAccount kube-system/helm-traefik-crd  --[HOLDS_ADMIN]-->  CLUSTER-ADMIN
478,serviceaccount::kube-system::traefik,4,4,2.0,ServiceAccount kube-system/traefik  --[READ_SECRET]-->  ServiceAccount kube-system/token-cleaner  --[READ_SECRET]-->  ServiceAccount kube-system/local-path-provisioner-service-account  --[CREATE_WORKLOAD]-->  ServiceAccount kube-system/helm-traefik  --[HOLDS_ADMIN]-->  CLUSTER-ADMIN
479,serviceaccount::kube-system::traefik,4,4,2.0,ServiceAccount kube-system/traefik  --[READ_SECRET]-->  ServiceAccount kube-system/token-cleaner  --[READ_SECRET]-->  ServiceAccount kube-system/local-path-provisioner-service-account  --[CREATE_WORKLOAD]-->  ServiceAccount kube-system/helm-traefik-crd  --[HOLDS_ADMIN]-->  CLUSTER-ADMIN
480,serviceaccount::kube-system::traefik,4,4,2.0,ServiceAccount kube-system/traefik  --[READ_SECRET]-->  ServiceAccount kube-system/token-cleaner  --[READ_SECRET]-->  ServiceAccount kube-system/namespace-controller  --[READ_SECRET]-->  ServiceAccount kube-system/clusterrole-aggregation-controller  --[ESCALATE_ROLE]-->  CLUSTER-ADMIN
481,serviceaccount::kube-system::traefik,4,4,2.0,ServiceAccount kube-system/traefik  --[READ_SECRET]-->  ServiceAccount kube-system/token-cleaner  --[READ_SECRET]-->  ServiceAccount kube-system/persistent-volume-binder  --[CREATE_WORKLOAD]-->  ServiceAccount kube-system/helm-traefik  --[HOLDS_ADMIN]-->  CLUSTER-ADMIN
482,serviceaccount::kube-system::traefik,4,4,2.0,ServiceAccount kube-system/traefik  --[READ_SECRET]-->  ServiceAccount kube-system/token-cleaner  --[READ_SECRET]-->  ServiceAccount kube-system/persistent-volume-binder  --[CREATE_WORKLOAD]-->  ServiceAccount kube-system/helm-traefik-crd  --[HOLDS_ADMIN]-->  CLUSTER-ADMIN
483,serviceaccount::kube-system::traefik,4,4,2.0,ServiceAccount kube-system/traefik  --[READ_SECRET]-->  ServiceAccount kube-system/token-cleaner  --[READ_SECRET]-->  ServiceAccount kube-system/replicaset-controller  --[CREATE_WORKLOAD]-->  ServiceAccount kube-system/helm-traefik  --[HOLDS_ADMIN]-->  CLUSTER-ADMIN
484,serviceaccount::kube-system::traefik,4,4,2.0,ServiceAccount kube-system/traefik  --[READ_SECRET]-->  ServiceAccount kube-system/token-cleaner  --[READ_SECRET]-->  ServiceAccount kube-system/replicaset-controller  --[CREATE_WORKLOAD]-->  ServiceAccount kube-system/helm-traefik-crd  --[HOLDS_ADMIN]-->  CLUSTER-ADMIN
485,serviceaccount::kube-system::traefik,4,4,2.0,ServiceAccount kube-system/traefik  --[READ_SECRET]-->  ServiceAccount kube-system/token-cleaner  --[READ_SECRET]-->  ServiceAccount kube-system/replication-controller  --[CREATE_WORKLOAD]-->  ServiceAccount kube-system/helm-traefik  --[HOLDS_ADMIN]-->  CLUSTER-ADMIN
486,serviceaccount::kube-system::traefik,4,4,2.0,ServiceAccount kube-system/traefik  --[READ_SECRET]-->  ServiceAccount kube-system/token-cleaner  --[READ_SECRET]-->  ServiceAccount kube-system/replication-controller  --[CREATE_WORKLOAD]-->  ServiceAccount kube-system/helm-traefik-crd  --[HOLDS_ADMIN]-->  CLUSTER-ADMIN
487,serviceaccount::kube-system::traefik,4,4,2.0,ServiceAccount kube-system/traefik  --[READ_SECRET]-->  ServiceAccount kube-system/token-cleaner  --[READ_SECRET]-->  ServiceAccount kube-system/resourcequota-controller  --[READ_SECRET]-->  ServiceAccount kube-system/clusterrole-aggregation-controller  --[ESCALATE_ROLE]-->  CLUSTER-ADMIN
488,serviceaccount::kube-system::traefik,4,4,2.0,ServiceAccount kube-system/traefik  --[READ_SECRET]-->  ServiceAccount kube-system/token-cleaner  --[READ_SECRET]-->  ServiceAccount kube-system/statefulset-controller  --[CREATE_WORKLOAD]-->  ServiceAccount kube-system/helm-traefik  --[HOLDS_ADMIN]-->  CLUSTER-ADMIN
489,serviceaccount::kube-system::traefik,4,4,2.0,ServiceAccount kube-system/traefik  --[READ_SECRET]-->  ServiceAccount kube-system/token-cleaner  --[READ_SECRET]-->  ServiceAccount kube-system/statefulset-controller  --[CREATE_WORKLOAD]-->  ServiceAccount kube-system/helm-traefik-crd  --[HOLDS_ADMIN]-->  CLUSTER-ADMIN
490,user::k3s-cloud-controller-manager,4,4,2.0,User k3s-cloud-controller-manager  --[CREATE_WORKLOAD]-->  ServiceAccount kube-system/bootstrap-signer  --[READ_SECRET]-->  ServiceAccount kube-system/generic-garbage-collector  --[READ_SECRET]-->  ServiceAccount kube-system/helm-traefik  --[HOLDS_ADMIN]-->  CLUSTER-ADMIN
491,user::k3s-cloud-controller-manager,4,4,2.0,User k3s-cloud-controller-manager  --[CREATE_WORKLOAD]-->  ServiceAccount kube-system/bootstrap-signer  --[READ_SECRET]-->  ServiceAccount kube-system/generic-garbage-collector  --[READ_SECRET]-->  ServiceAccount kube-system/helm-traefik-crd  --[HOLDS_ADMIN]-->  CLUSTER-ADMIN
492,user::k3s-cloud-controller-manager,4,4,2.0,User k3s-cloud-controller-manager  --[CREATE_WORKLOAD]-->  ServiceAccount kube-system/bootstrap-signer  --[READ_SECRET]-->  ServiceAccount kube-system/namespace-controller  --[READ_SECRET]-->  ServiceAccount kube-system/helm-traefik  --[HOLDS_ADMIN]-->  CLUSTER-ADMIN
493,user::k3s-cloud-controller-manager,4,4,2.0,User k3s-cloud-controller-manager  --[CREATE_WORKLOAD]-->  ServiceAccount kube-system/bootstrap-signer  --[READ_SECRET]-->  ServiceAccount kube-system/namespace-controller  --[READ_SECRET]-->  ServiceAccount kube-system/helm-traefik-crd  --[HOLDS_ADMIN]-->  CLUSTER-ADMIN
494,user::k3s-cloud-controller-manager,4,4,2.0,User k3s-cloud-controller-manager  --[CREATE_WORKLOAD]-->  ServiceAccount kube-system/bootstrap-signer  --[READ_SECRET]-->  ServiceAccount kube-system/resourcequota-controller  --[READ_SECRET]-->  ServiceAccount kube-system/helm-traefik  --[HOLDS_ADMIN]-->  CLUSTER-ADMIN
495,user::k3s-cloud-controller-manager,4,4,2.0,User k3s-cloud-controller-manager  --[CREATE_WORKLOAD]-->  ServiceAccount kube-system/bootstrap-signer  --[READ_SECRET]-->  ServiceAccount kube-system/resourcequota-controller  --[READ_SECRET]-->  ServiceAccount kube-system/helm-traefik-crd  --[HOLDS_ADMIN]-->  CLUSTER-ADMIN
496,user::k3s-cloud-controller-manager,4,4,2.0,User k3s-cloud-controller-manager  --[CREATE_WORKLOAD]-->  ServiceAccount kube-system/bootstrap-signer  --[READ_SECRET]-->  ServiceAccount kube-system/token-cleaner  --[READ_SECRET]-->  ServiceAccount kube-system/helm-traefik  --[HOLDS_ADMIN]-->  CLUSTER-ADMIN
497,user::k3s-cloud-controller-manager,4,4,2.0,User k3s-cloud-controller-manager  --[CREATE_WORKLOAD]-->  ServiceAccount kube-system/bootstrap-signer  --[READ_SECRET]-->  ServiceAccount kube-system/token-cleaner  --[READ_SECRET]-->  ServiceAccount kube-system/helm-traefik-crd  --[HOLDS_ADMIN]-->  CLUSTER-ADMIN
498,user::k3s-cloud-controller-manager,4,4,2.0,User k3s-cloud-controller-manager  --[CREATE_WORKLOAD]-->  ServiceAccount kube-system/bootstrap-signer  --[READ_SECRET]-->  ServiceAccount kube-system/traefik  --[READ_SECRET]-->  ServiceAccount kube-system/helm-traefik  --[HOLDS_ADMIN]-->  CLUSTER-ADMIN
499,user::k3s-cloud-controller-manager,4,4,2.0,User k3s-cloud-controller-manager  --[CREATE_WORKLOAD]-->  ServiceAccount kube-system/bootstrap-signer  --[READ_SECRET]-->  ServiceAccount kube-system/traefik  --[READ_SECRET]-->  ServiceAccount kube-system/helm-traefik-crd  --[HOLDS_ADMIN]-->  CLUSTER-ADMIN
500,user::k3s-cloud-controller-manager,4,4,2.0,User k3s-cloud-controller-manager  --[CREATE_WORKLOAD]-->  ServiceAccount kube-system/generic-garbage-collector  --[READ_SECRET]-->  ServiceAccount kube-system/bootstrap-signer  --[READ_SECRET]-->  ServiceAccount kube-system/helm-traefik  --[HOLDS_ADMIN]-->  CLUSTER-ADMIN
